ID;PATTERN
ASN_GLYCOSYLATION;N{P}[ST]{P}
CAMP_PHOSPHO_SITE;[RK](2)x[ST]
PKC_PHOSPHO_SITE;[ST]x[RK]
CK2_PHOSPHO_SITE;[ST]x(2)[DE]
TYR_PHOSPHO_SITE_1;[RK]x(2)[DE]x(3)Y
MYRISTYL;G{EDRKHPFYW}x(2)[STAGCN]{P}
AMIDATION;xG[RK][RK]
ASX_HYDROXYL;Cx[DN]x(4)[FY]xCxC
GLA_1;Ex(2)[ERK]ExCx(6)[EDR]x(10,11)[FYA][YW]
PHOSPHOPANTETHEINE;[DEQGSTALMKRH][LIVMFYSTAC][GNQ][LIVMFYAG][DNEKHS]S[LIVMST]{PCFY}[STAGCPQLIVMF][LIVMATN][DENQGTAKRHLM][LIVMWSTA][LIVGSTACR]{LPIY}{VY}[LIVMFA]
ER_TARGET;[KRHQSA][DENQ]EL>
RGD;RGD
ATP_GTP_A;[AG]x(4)GK[ST]
EF_HAND_1;D{W}[DNS]{ILVFYW}[DENSTG][DNQGHRK]{GP}[LIVMC][DENQSTAGC]x(2)[DE][LIVMFYW]
ACTININ_1;[EQ]{LNYH}x[ATV][FY]{LDAM}{T}W{PG}N
ACTININ_2;[LIVM]x[SGNL][LIVMN][DAGHENRS][SAGPNVT]x[DNEAG][LIVM]x[DEAGQ]x(4)[LIVM]x[LM][SAG][LIVM][LIVMT][WS]x(0,1)[LIVM](2)
KRINGLE_1;[FY]C[RH][NS]x(7,8)[WY]C
EGF_1;CxCx(2){V}x(2)G{C}xC
FN2_1;Cx(2)PFx[FYWIV]x(7)Cx(8,10)WCx(4)[DNSR][FYW]x(3,5)[FYW]x[FYWI]C
HEMOPEXIN;[LIFAT]{IL}x(2)Wx(2,3)[PE]x{VF}[LIVMFY][DENQS][STA][AV][LIVMFY]
P_TREFOIL_1;[KRH]x(2)Cx[FYPSTV]x(3,4)[ST]x(3)Cx(4)CC[FYWH]
CHIT_BIND_I_1;Cx(4,5)CCSx(2)GxCGx(3,4)[FYW]C
HOMEOBOX_1;[LIVMFYG][ASLVR]x(2)[LIVMSTACN]x[LIVM]{Y}x(2){L}[LIV][RKNQESTAIY][LIVFSTNKH]W[FYVC]x[NDQTAH]x(5)[RKNAIMW]
ZINC_FINGER_C2H2_1;Cx(2,4)Cx(3)[LIVMFYWC]x(8)Hx(3,5)H
LEUCINE_ZIPPER;Lx(6)Lx(6)Lx(6)L
NUCLEAR_REC_DBD_1;Cx(2)Cx(1,2)[DENAVSPHKQT]x(5,6)[HNY][FY]x(4)Cx(2)Cx(2)F(2)xR
ANTENNAPEDIA;[LIVMFE][FY]PWM[KRQTA]
ENGRAILED;LMA[EQ]GLYN
PAIRED_1;RPCx(11)CVS
POU_1;[RKQ]R[LIM]x[LF]G[LIVMFY]xQx[DNQ]VG
BZIP_BASIC;[KR]x(1,3)[RKSAQ]N{VL}x[SAQ](2){L}[RKTAENQ]xR{S}[RK]
DEAD_ATP_HELICASE;[LIVMF](2)DEAD[RKEN]x[LIVMFYGSTN]
HTH_ARAC_FAMILY_1;[KRQ][LIVMA]x(2)[GSTALIV]{FYWPGDN}x(2)[LIVMSA]x(4,9)[LIVMF]x{PLH}[LIVMSTA][GSTACIL]{GPK}{F}x[GANQRF][LIVMFY]x(4,5)[LFY]x(3)[FYIVA]{FYWHCM}{PGVI}x(2)[GSADENQKR]x[NSTAPKL][PARL]
HTH_CRP_1;[LIVM][STAG][RHNWM]x(2)[LIM][GA]x[LIVMFYAS][LIVSC][GA]x[STACN]x(2)[MST]x(1,2)[GSTN]Rx[LIVMF]x(2)[LIVMF]
HISTONE_LIKE;[GSK]Fx(2)[LIVMF]x(4)[RKEQA]x(2)[RST]x(1,2)[GA]x[KN]Px[TN]
HISTONE_H2A;[AC]GLxFPV
HISTONE_H4;GAKRH
PROTAMINE_P1;[AV]R[NFY]Rx(2,3)[ST]{S}S{NS}S
RIBOSOMAL_L14;[GA][LIV](3)x(9,10)[DNS]Gx(4)[FY]x(2)[NT]x(2)V[LIV]
RIBOSOMAL_L23;[RK](2)[AM][IVFYT][IV][RKT]L[STANEQK]x(7)[LIVMFT]
RIBOSOMAL_L39E;[KRM][PTKS]x(3)[LIVMFG]x(2)[NHS]x(3)R[DNHY]WR[RS]
RIBOSOMAL_S7;[DENSK]x[LIVMDET]x(3)[LIVMFTA](2)x(6)GK[KR]x(5)[LIVMF][LIVMFC]x(2)[STAC]
RIBOSOMAL_S8;[GE]x(2)[LIV](2)[STY][ST]{A}xG[LIVM](2)x(4)[AG][KRHAYIL]
RIBOSOMAL_S11;[LIVMFR]x[GSTACQI][LIVMF]x(1,2)[GSTALVM]x(0,1)[GSN][LIVMFY]x[LIVM]x(4)[DEN]x[TS][PS]x[PA][STCHF][DN]
RIBOSOMAL_S12;[RK]xPNS[AR]xR
RIBOSOMAL_S17;GDx[LIV]x[LIVA]x[QEK]x[RK]P[LIV]S
RIBOSOMAL_S18;[IVRLP][DYN][YLF]x(2,3)[LIVMTPFS]x(2)[LIVM]x(2)[FYTS][LIVMT][STNQG][DERPN]x(1,2)[GYAH][KCR][LIVM]x(3)[RHG][LIVMASR]
DNA_MISMATCH_REPAIR_1;GFRGE[AG]L
ADH_ZINC;GHEx{EL}G{AP}x(4)[GA]x(2)[IVSAC]
ADH_IRON_2;[GSW]x[LIVTSACD][GH]x(2)[GSAE][GSHYQ]x[LIVTP][GAST][GAS]x(3)[LIVMT]x[HNS][GA]x[GTAC]
ADH_SHORT;[LIVSPADNK]x(9){P}x(2)Y[PSTAGNCV][STAGNQCIVM][STAGC]K{PC}[SAGFYR][LIVMSTAGD]x{K}[LIVMFYW]{D}x{YR}[LIVMFYWGAPTHQ][GSACQRHM]
ALDOKETO_REDUCTASE_2;[LIVMFY]x(8){L}[KREQ]{K}[LIVM]G[LIVM][SC]N[FY]
ALDOKETO_REDUCTASE_3;[LIVM][PAIV][KR][ST]{EPQG}{RFI}x(2)R{SVAF}x[GSTAEQK][NSL]x{LVRI}[LIVMFA]
L_LDH;[LIVMA]G[EQ]HG[DN][ST]
D_2_HYDROXYACID_DH_1;[LIVMA][AG][IVT][LIVMFY][AG]xG[NHKRQGSAC][LIV]Gx(13,14)[LIVMFT]{A}x[FYWCTH][DNSTK]
HMG_COA_REDUCTASE_1;[RKH]x{Y}{I}x{I}{L}DxMGxNx[LIVMA]
3HCDH;[DNES]x(2)[GA]F[LIVMFYA]x[NT]Rx(3)[PA][LIVMFY][LIVMFYST]x(5,6)[LIVMFYCT][LIVMFYEAH]x(2)[GVE]
MDH;[LIVM]T[TRKMN]LDx(2)R[STA]x(3)[LIVMFY]
G6P_DEHYDROGENASE;DH[YF]LGK[EQK]
ALDEHYDE_DEHYDR_CYS;[FYLVA]x{GVEP}{DILV}G[QE]{LPYG}C[LIVMGSTANC][AGCN]{HE}[GSTADNEKR]
GAPDH;[ASV]SC[NT]T{S}x[LIM]
ACYL_COA_DH_1;[GAC][LIVM][ST]Ex(2)[GSAN]G[ST]Dx(2)[GSA]
ACYL_COA_DH_2;[QDE]x{P}G[GS]xG[LIVMFY]x(2)[DEN]x(4)[KR]x(3)[DEN]
GLFV_DEHYDROGENASE;[LIV]x(2)GG[SAG]Kx[GV]x(3)[DNST][PL]
DHFR_1;[LVAGC][LIF]Gx(4)[LIVMF]PWx(4,5)[DE]x(3)[FYIV]x(3)[STIQ]
PYRIDINE_REDOX_1;GGxC[LIVA]x(2)GC[LIVM]P
COX1_CUB;[YWG][LIVFYWTA](2)[VGS]H[LNP]xVx(44,47)HH
COX2;VxHx(33,40)Cx(3)Cx(3)Hx(2)M
MULTICOPPER_OXIDASE1;Gx[FYW]x[LIVMFYW]x[CST]x{PR}{K}x(2){S}x{LFH}G[LM]x(3)[LIVMFYW]
MULTICOPPER_OXIDASE2;HCHx(3)Hx(3)[AG][LM]
LIPOXYGENASE_2;[LIVMACST]HP[LIVM]x[KRQV][LIVMF](2)x[AP]H
EXTRADIOL_DIOXYGENAS;[GNTIV]xHx(5,7)[LIVMF]Yx(2)[DENTA]Px[GP]x(2,3)E
INTRADIOL_DIOXYGENAS;[LIVMF]xGx[LIVM]x(4)[GS]x(2)[LIVMA]x(4)[LIVM][DE][LIVMFYC]x(6)Gx[FY]
CU2_MONOOXYGENASE_1;HHMx(2)FxC
CU2_MONOOXYGENASE_2;HxFx(4)HTHx(2)G
CYTOCHROME_P450;[FW][SGNH]x[GD]{F}[RKHPT]{P}C[LIVMFAP][GAD]
SOD_CU_ZN_1;[GA][IMFAT]H[LIVF]H{S}x[GP][SDG]x[STAGDE]
SOD_MN;Dx[WF]EH[STA][FY](2)
RIBORED_LARGE;Wx(2)[LIVF]x(6,7)G[LIVM][FYRA][NH]x(3)[STAQLIVM][ASC]x(2)[PA]
NITROGENASE_1_2;[STANQ][ET]Cx(5)GD[DN][LIVMT]x[STAGR][LIVMFYST]
THYMIDYLATE_SYNTHASE;Rx(2)[LIVMT]x(2,3)[FWY][QNYDI]x(8,13)[LVESI]xPC[HAVMLC]x(3)[QMTLHD][FYWL]x(0,1)[LV]
N6_MTASE;[LIVMAC][LIVFYWA]{DYP}[DN]PP[FYW]
N4_MTASE;[LIVMF]TSPP[FY]
C5_MTASE_1;[DENKS]x[FLIV]x(2)[GSTC]xPCx{V}[FYWLIM]S
C5_MTASE_2;[RKQGTF]x(2)GN[SA][LIVF]x[VIP]x[LVMT]x(3)[LIVM]x(3)[LIVM]
SHMT;[DEQHY][LIVMFYA]x[GSTMVA][GSTAV][ST][STVM][HQ]K[STG][LFMI]x[GAS][PGAC][RQ][GSARH][GA]
CARBAMOYLTRANSFERASE;Fx[EK]xS[GT]RT
THIOLASE_1;[LIVM][NST]{T}xC[SAGLI][ST][SAG][LIVMFYNS]x[STAG][LIVM]x(6)[LIVM]
THIOLASE_3;[AG][LIVMA][STAGCLIVM][STAG][LIVMA]C{Q}[AG]x[AG]x[AG]x[SAG]
CAT;Q[LIV]HH[SA]x(2)DG[FY]H
HEXAPEP_TRANSFERASES;[LIV][GAED]x(2)[STAV]x[LIV]x(3)[LIVAC]x[LIV][GAED]x(2)[STAVR]x[LIV][GAED]x(2)[STAV]x[LIV]x(3)[LIV]
PHOSPHORYLASE;EA[SC]Gx[GS]xMKx(2)[LM]N
PUR_PYR_PR_TRANSFER;[LIVMFYWCTA][LIVM][LIVMA][LIVMFC][DE]D[LIVMS][LIVM][STAVD][STAR][GAC]x[STAR]
EPSP_SYNTHASE_1;[LIVF]{LV}x[GANQK][NLG][SA][GA][TAI][STAGV]{N}Rx[LIVMFYAT]x[GSTAP]
AA_TRANSFER_CLASS_1;[GS][LIVMFYTAC][GSTA]Kx(2)[GSALVN][LIVMFA]x[GNAR]{V}R[LIVMA][GA]
GALACTOKINASE;GRxN[LIV]IG[DE]HxDY
PROTEIN_KINASE_ATP;[LIV]G{P}G{P}[FYWMGSTNH][SGA]{PW}[LIVCAT]{PD}x[GSTACLIVMFY]x(5,18)[LIVMFYWCSTAR][AIVP][LIVMFAGCKR]K
PROTEIN_KINASE_ST;[LIVMFYC]x[HY]xD[LIVMFY]Kx(2)N[LIVMFYCT](3)
PROTEIN_KINASE_TYR;[LIVMFYC]{A}[HY]xD[LIVMFY][RSTAC]{D}{PF}N[LIVMFYC](3)
PYRUVATE_KINASE;[LIVAC]x[LIVM](2)[SAPCV]K[LIV]E[NKRST]x[DEQHS][GSTA][LIVM]
PGLYCERATE_KINASE;[KRHGTCVN][VT][LIVMF][LIVMC]RxDxN[SACV]P
PHOSPHAGEN_KINASE;CPx(0,1)[ST]N[ILV]GT
ADENYLATE_KINASE;[LIVMFYWCA][LIVMFYW](2)DG[FYI]PRx(3)[NQ]
PRPP_SYNTHASE;D[LIM]H[SANDT]x[QS][IMSTAVF][QMLPH][GA][FY]Fx(2)P[LIVMFCT]D
RNA_POL_II_REPEAT;Y[ST]P[ST]SP[STANK]
DNA_POLYMERASE_B;[YA][GLIVMSTAC]DTD[SG][LIVMFTC]{LA}[LIVMSTAC]
GAL_P_UDP_TRANSF_I;FEN[RK]Gx(3)Gx(4)HPHxQ
PA2_HIS;CC{P}xH{LGY}xC
PA2_ASP;[LIVMA]C{LIVMFYWPCST}CD{GS}{G}{N}x{QS}C
LIPASE_SER;[LIV]{KG}[LIVFY][LIVMST]G[HYWV]S{YAG}G[GSTAC]
COLIPASE_1;Yx(2)YYxCxC
CARBOXYLESTERASE_B_1;F[GR]Gx(4)[LIVM]x[LIV]xGxS[STAG]G
ALKALINE_PHOSPHATASE;[IV]xDS[GAS][GASC][GAST][GA]T
FBPASE;[AG][RK][LI]x(1,2)[LIV][FY]Ex(2)P[LIVM][GSA]
SER_THR_PHOSPHATASE;[LIVMN][KR]GNHE
PDEASE_I_1;HD[LIVMFY]xHx[AG]x(2)[NQ]x[LIVMFY]
RNASE_PANCREATIC;CKx(2)NTF
GLYCOSYL_HYDROL_F22_1;Cx(3)Cx(2)[LMF]x(3)[DEN][LI]x(5)C
GLYCOSYL_HYDROL_F31_1;[GFY][LIVMF]WxDM[NSA]E
U_DNA_GLYCOSYLASE;[KR][LIVA][LIVC][LIVM]xG[QI]DPY
CARBOXYPEPT_SER_SER;[LIVM]x[GSTA]ESY[AG][GS]
CARBOXYPEPT_ZN_1;[PK]x[LIVMFY]x[LIVMFY]x(2){E}xH[STAG]xEx[LIVM][STAG]{L}x(5)[LIVMFYTA]
CARBOXYPEPT_ZN_2;H[STAG]{ADNV}{VGFI}{YAR}[LIVME]{SDEP}x[LIVMFYW]P[FYW]
TRYPSIN_HIS;[LIVM][ST]A[STAG]HC
TRYPSIN_SER;[DNSTAGC][GSTAPIMVQH]x(2)G[DE]SG[GS][SAPHV][LIVMFYWH][LIVMFYSTANQH]
SUBTILASE_ASP;[STAIV]{ERDL}[LIVMF][LIVM]D[DSTA]G[LIVMFC]x(2,3)[DNH]
SUBTILASE_HIS;HG[STM]x[VIC][STAGC][GS]x[LIVMA][STAGCLV][SAGM]
SUBTILASE_SER;GTSx[SA]xPx{L}[STAVC][AG]
THIOL_PROTEASE_CYS;Q{V}x{DE}[GE]{F}C[YW]{DN}x[STAGC][STAGCV]
UCH_1;Qx(3)N[SA]CGx(3)[LIVM](2)H[SA][LIVM][SA]
ASP_PROTEASE;[LIVMFGAC][LIVMTADN][LIVFSA]D[ST]G[STAV][STAPDENQ]{GQ}[LIVMFSTNC]{EGK}[LIVMFGTA]
ZINC_PROTEASE;[GSTALIVN]{PCHR}{KND}HE[LIVMFYW]{DEHRKP}H{EKPC}[LIVMFYWGSPQ]
INSULINASE;Gx(8,9)Gx[STA]H[LIVMFY][LIVMC][DERN][HRKL][LMFAT]x[LFSTH]x[GSTAN][GST]
ASN_GLN_ASE_1;[LIVM]x{L}TGGT[IV][AGS]
UREASE_2;[LIVM](2)[CT]H[HNG]Lx(3)[LIVM]x(2)D[LIVM]xF[AS]
BETA_LACTAMASE_A;[FY]x[LIVMFY]{E}S[TV]xKx(3){T}[AGLM]{D}{KA}[LC]
SULFATASE_2;G[YV]x[ST]x(2)[IVAS]GKx(0,1)[FYWMK][HL]
ACYLPHOSPHATASE_1;[LIV]xGxVQ[GH]Vx[FM]R
ACYLPHOSPHATASE_2;G[FYW][AVC][KRQAM]Nx(3)GxVx(5)G
ATPASE_ALPHA_BETA;P[SAP][LIV][DNH]{LKGN}{F}{S}S{DCPH}S
ATPASE_GAMMA;[IV]TxEx(2)[DE]x(3)GAx[SAKR]
ATPASE_E1_E2;DKTGT[LIVM][TI]
CUTINASE_1;Px[STA]x[LIV][IVT]x[GS]GYS[QL]G
OMPDECASE;[LIVMFTAR][LIVMF]xDxKx(2)D[IV][ADGP]xT[CLIVMNTA]
RUBISCO_LARGE;Gx[DN]FxKxDE
ALDOLASE_CLASS_I;[LIVM]x[LIVMFYW]EGx[LSI]LK[PA][SN]
ALDOLASE_KDPG_KHG_1;G[LIVM]x(3)E[LIV]T[LF]R
ALDOLASE_KDPG_KHG_2;Gx(3)[LIVMF]K[LF]FP[SA]x(3)G
ISOCITRATE_LYASE;K[KR]CGH[LMQR]
ALPHA_CA_1;SE[HN]x[LIVM]x(4)[FYH]x(2)E[LIVMGA]H[LIVMFA](2)
FUMARATE_LYASES;GSx(2)Mx{RS}KxN
ENOLASE;[LIVTMS][LIVP][LIV][KQ]x[ND]Q[INV][GA][ST][LIVM][STL][DERKAQG][STA]
DEHYDRATASE_SER_THR;[DESH]x(4,5)[STVG]{EVKD}[AS][FYI]K[DLIFSA][RLVMF][GA][LIVMGA]
ENOYL_COA_HYDRATASE;[LIVM][STAG]x[LIVM][DENQRHSTA]Gx(3)[AG](3)x(4)[LIVMST]x[CSTA][DQHP][LIVMFYA]
TRP_SYNTHASE_ALPHA;[LIVM]E[LIVM][GQ]x[PALT][FYCHTWP][STPK][DEKY][PA][LIVMYGK][SGALIMY][DE][GN]
TRP_SYNTHASE_BETA;[LIVMYAHQ]x[HPYNVF]xG[STA]HKxNx(2)[LIVM]x[QEH]
D_ALA_DEHYDRATASE;GxDx[LIVM](2)[IV]KP[GSA]x(2)Y
CSA_PPIASE_1;[FY]x(2)[STCNLVA]x[FV]H[RH][LIVMNS][LIVM]x(2)F[LIVM]xQ[AGFT]G
TIM_1;[AVG][YLV]EP[LIVMEPKST][WYEAS][SAL][IV][GN][TEKDVS][GKNAD]
P_GLUCOSE_ISOMERASE_2;[GSA]x[LIVMCAYQS][LIVMFYWN]x(4)[FY][DNTH]Qx[GA][IV][EQST]x(2)K
PG_MUTASE;[LIVM]xRHG[EQ]x{Y}xN
TOPOISOMERASE_I_EUK;[DEN]x(6)[GS][IT]SKx(2)Y[LIVM]x(3)[LIVM]
TOPOISOMERASE_II;[LIVMA]{R}EG[DN]SA{F}[STAG]
AA_TRNA_LIGASE_I;Px(0,2)[GSTAN][DENQGAPK]x[LIVMFP][HT][LIVMYAC]G[HNTG][LIVMFYSTAGPC]
GLNA_1;[FYWL]DGSSx(6,8)[DENQSTAK][SA][DE]x(2)[LIVMFY]
GLNA_ATP;KP[LIVMFYA]x(3,5)[NPAT][GA][GSTAN][GA]xHx(3)S
GLNA_ADENYLATION;K[LIVM]x(5)[LIVMA]D[RK][DN][LI]Y
UBC_1;[FYWLSP]H[PC][NHL][LIV]x(3,4)Gx[LIVP]C[LIV]x(1,2)[LIVR]
GARS;R[LF]GDPEx[EQIM]
IPNS_1;[RK]x[STA]x(2)SxCY[SL]
IPNS_2;[LIVM](2)xCG[STA]x(2)[STAG]x(2)Tx[DNG]
TPP_ENZYMES;[LIVMF][GSA]x(5)Px(4)[LIVMFYW]x[LIVMF]xGD[GSA][GSAC]
BIOTIN;[GDN][DEQTR]x[LIVMFY]x(2)[LIVM]x[AIV]MK[LVMAT]x(3)[LIVM]x[SAV]
LIPOYL;[GDN]x(2)[LIVF]x(3){VH}{M}[LIVMFCA]x(2)[LIVMFA]{LDFY}{KPE}xK[GSTAIVW][STAIVQDN]x(2)[LIVMFS]x(5)[GCN]x[LIVMFY]
CYTOCHROME_B5_1;[FY][LIVMK]{I}{Q}HP[GA]G
THIOREDOXIN_1;[LIVMF][LIVMSTA]x[LIVMFYC][FYWSTHE]x(2)[FYWGTN]C[GATPLVE][PHYWSTA]C{I}x{A}x(3)[LIVMFYWT]
GLUTAREDOXIN_1;[LIVMD][FYSA]x(4)C[PV][FYWH]Cx(2)[TAV]x(2,3)[LIV]
COPPER_BLUE;[GA]x(0,2)[YSA]x(0,1)[VFY]{SEDT}Cx(1,2)[PG]x(0,1)Hx(2,4)[MQ]
2FE2S_FER_1;C{C}{C}[GA]{C}C[GAST]{CPDEKRHFYW}C
4FE4S_FER_1;Cx{P}C{C}xC{CP}x{C}C[PEG]
FLAVODOXIN;[LIV][LIVFY][FY]x[ST]{V}x[AGC]xT{P}x(2)A{L}x[LIV]
RUBREDOXIN;[LIVM]x{G}{R}WxCPxC[AGD]
METALLOTHIONEIN_VRT;CxC[GSTAP]x(2)CxCx(2)CxCx(2)CxK
FERRITIN_2;Dx(2)[LIVMF][STACQV][DH][FYMI][LIV][EN]x(2)[FYC]Lx(6)[LIVMQ][KNER]
TRANSFERRIN_LIKE_1;Yx(0,1)[VAS]V[IVAC][IVA][IVA][RKH][RKS][GDENSA]
TRANSFERRIN_LIKE_2;[YI]xGA[FLI][KRHNQS]CLx(3,4)G[DENQ]V[GAT][FYW]
TRANSFERRIN_LIKE_3;[DENQK][YF]x[LY]LCx[DN]x(5,8)[LIV]x(4,5)Cx(2)Ax(4)[HQR]x[LIVMFYW][LIVM]
PLANT_GLOBIN;[SN]Px[LV]x(2)HAx(3)F
HEMOCYANIN_1;Y[FYW]xED[LIVM]x(2)Nx(6)Hx(3)P
HEMOCYANIN_2;Tx(2)RDPx[FY][FYW]
ABC_TRANSPORTER_1;[LIVMFYC][SA][SAPGLVFYKQH]G[DENQMW][KRQASPCLIMFW][KRNQSTAVM][KRACLVM][LIVMFYPAN]{PHY}[LIVMFW][SAGCLIVP]{FYWHP}{KRHP}[LIVMFYWSTA]
ALBUMIN_1;[FY]x(6)CCx(2){C}x(4)C[LFY]x(6)[LIVMFYW]
LIPOCALIN;[DENG]{A}[DENQGSTARK]x(0,2)[DENQARK][LIVFY]{CP}G{C}W[FYWLRH]{D}[LIVMTA]
FABP;[GSAIVK]{FE}[FYW]x[LIVMF]x(2){K}x[NHG][FY][DE]x[LIVMFY][LIVM]{N}{G}[LIVMAKR]
SUGAR_TRANSPORT_1;[LIVMSTAG][LIVMFSAG]{SH}{RDE}[LIVMSA][DE]{TD}[LIVMFYWA]GR[RK]x(4,6)[GSTA]
SUGAR_TRANSPORT_2;[LIVMF]xG[LIVMFA]{V}xG{KP}x(7)[LIFY]x(2)[EQ]x(6)[RK]
AMINO_ACID_PERMEASE_1;[STAGC]G[PAG]x(2,3)[LIVMFYWA](2)x[LIVMFYW]x[LIVMFWSTAGC](2)[STAGC]x(3)[LIVMFYWT]x[LIVMST]x(3)[LIVMCTA][GA]Ex(5)[PSAL]
ANION_EXCHANGER_1;FGG[LIVM](2)[KR]D[LIVM][RK]RRY
ANION_EXCHANGER_2;[FI]LISLIFIYETFxKL
MIP;[HNQA]{D}NP[STA][LIVMF][ST][LIVMF][GSTAFY]
IGFBP_N_1;[GP]C[GSET][CE][CA]x(2)C[ALP]x(6)C
ANNEXIN_1;[TG][STV]x(8)[LIVMF]x(2)Rx(3)[DEQNH]x(2){S}x(4)[IFY]x(7)[LIVMF]x(3)[LIVMF]x(5){I}x(5)[LIVMFA]x(2)[LIVMF]
CLATHRIN_LIGHT_CHN_1;FLA[QH][QE]ES
IF_ROD_1;[IV]{K}[TACI]Y[RKH]{E}[LM]L[DE]
TUBULIN;[SAG]GGTG[SA]G
TUBULIN_B_AUTOREG;<MR[DE][IL]
TAU_MAP_1;GSx(2)Nx(2)Hx[PA][AG]G(2)
MAP1B_NEURAXIN;[STAGDN]YxYE{AV}{L}[DE][KR][STAGCI]
F_ACTIN_CAPPING_BETA;C[DE][YF]NRD
CADHERIN_1;[LIV]x[LIV]xDxND[NH]xP
CHIT_BIND_RR_1;Gx(7)[DEN]Gx(6)[FY]xA[DNG]x(2,3)G[FY]x[APV]
GAS_VESICLE_A_1;[LIVM]x[DE][LIVMFYT][LIVM][DE]x[LIVM](2)[DKR](2)Gx[LIVMA][LIVM]
GAS_VESICLE_C;FLx(2)Tx(3)Rx(3)Ax(2)Qx(3)Lx(2)F
NEUROTR_ION_CHANNEL;Cx[LIVMFQ]x[LIVMF]x(2)[FY]PxDx(3)C
G_PROTEIN_RECEP_F1_1;[GSTALIVMFYWC][GSTANCPDE]{EDPKRH}x{PQ}[LIVMNQGA]{RK}{RK}[LIVMFT][GSTANC][LIVMFYWSTAC][DENH]R[FYWCSH]{PE}x[LIVM]
OPSIN;[LIVMFWAC][PSGAC]x{G}x[SAC]K[STALIMR][GSACPNV][STACP]x(2)[DENF][AP]x(2)[IY]
RECEPTOR_TYR_KIN_II;[DN][LIV]Yx(3)YYR
RECEPTOR_TYR_KIN_III;GxHxN[LIVM]VNLLGACT
INTEGRIN_ALPHA;[FYWS][RK]xGFFxR
INTEGRIN_BETA;Cx[GNQ]x(1,3)GxCxCx(2)CxC
REACTION_CENTER;[NQH]x(4)PxHx(2)[SAG]x(11)[SAGC]xH[SAG](2)
PHYTOCHROME_1;[RGS][GSA][PV]HxCHx(2)Y
WNT1;C[KR]CHG[LIVMT]SGxC
HBGF_FGF;Gx[LIM]x[STAGP]x(6,7)[DENA]Cx[FLM]x[EQ]x(6)Y
NGF_1;[GSRE]C[KRL]G[LIVT][DE]x(3)[YW]xSxC
PDGF_1;P[PSR]CVx(3)RC[GSTA]GCC
TGF_BETA_1;[LIVM]x(2)Px(2)[FY]x(4)CxGxC
TNF_1;[LV]x[LIVM]{V}x{L}G[LIVMF]Y[LIVMFY](2)x(2)[QEKHL][LIVMGT]x[LIVMFY]
INTERFERON_A_B_D;[FYH][FY]x[GNRCDS][LIVM]x(2)[FYL]Lx(7)[CY][AT]W
INTERLEUKIN_1;[FC]xS[ASLV]x(2)Px(2)[FYLIV][LI][SCA]Tx(7)[LIVM]
INTERLEUKIN_6;Cx(9)Cx(6)GLx(2)[FY]x(3)L
INTERLEUKIN_7_9;Nx[LAP][SCT]FLKxLL
AKH;Q[LV][NT][FY][ST]x(2)W
BOMBESIN;WAxG[SH][LF]M
CALCITONIN;C[SAGDN][STN]x(0,1)[SA]TC[VMA]x(3)[LYF]x(3)[LYF]
GASTRIN;Yx(0,1)[GD][WH]M[DR]F
GLUCAGON;[YH][STAIVGD][DEQ][AGF][LIVMSTE][FYLR]x[DENSTAK][DENSTA][LIVMFYG]x(8){K}[KREQL][KRDENQL][LVFYWG][LIVQ]
GLYCO_HORMONE_BETA_1;C[STAGM]G[HFYL]Cx[ST]
INSULIN;CC{P}{P}xC[STDNEKPI]x(3)[LIVMFS]x(3)C
NATRIURETIC_PEPTIDE;CFGx(3)[DEA][RH]Ix(3)Sx(2)GC
NEUROHYPOPHYS_HORM;C[LIFY][LIFYV]xN[CS]PxG
PANCREATIC_HORMONE_1;[FY]x(3)[LIVM]x(2)Yx(3)[LIVMFY]xRxR[YF]
SOMATOTROPIN_1;Cx[STN]x(2)[LIVMFYS]x[LIVMSTA]Px(5)[TALIV]x(7)[LIVMFY]x(6)[LIVMFY]x(2)[STACV]W
TACHYKININ;F[IVFY]G[LM]M[G>]
CECROPIN;Wx(0,2)[KDN]{Q}{L}K[KRE][LI]E[RKN]
DEFENSIN;CxCx(3,5)Cx(7)GxCx(9)CC
ENDOTHELIN;CxCx(4)Dx(2)Cx(2)[FY]C
THIONIN;CCx(5)Rx(2)[FY]x(2)C
SNAKE_TOXIN;GCx(1,3)CPx(8,10)CCx(2)[PDEN]
ENTEROTOXIN_H_STABLE;CCx(2)CCxPACxGC
AEROLYSIN;[KT]x(2)NWx(2)T[DN]T
SHIGA_RICIN;[LIVMA]x[LIVMSTA](2)xE[SAGV][STAL]R[FY][RKNQST]x[LIVM][EQS]x(2)[LIVMF]
CHANNEL_COLICIN;Tx(2)WxP[LIVMFY](3)x(2)E
STAPH_STREP_TOXIN_1;YGG[LIV]T{I}{N}x(2)N
STAPH_STREP_TOXIN_2;Kx(2)[LIVF]x(4)[LIVF]Dx(3)Rx(2)Lx(5)[LIV]Y
MACPF_1;Yx(6)[FY]GTH[FY]
BPTI_KUNITZ_1;Fx(2){I}GCx(6)[FY]x(5)C
BOWMAN_BIRK;Cx(5,6)[DENQKRHSTA]C[PASTDH][PASTDK][ASTDV]C[NDEKS][DEKRHSTA]C
KAZAL_1;Cx(4){C}x(2)Cx{A}x(4)Yx(3)Cx(2,3)C
SOYBEAN_KUNITZ;[LIVM]xD{EK}[EDNTY][DG][RKHDENQ]x[LIVM]x{E}{Q}x(2)Yx[LIVM]
SERPIN;[LIVMFY]{G}[LIVMFYAC][DNQ][RKHQS][PST]F[LIVMFY][LIVMFYC]x[LIVMFAH]
POTATO_INHIBITOR;[FYW]P[EQH][LIV](2)Gx(2)[STAGV]x(2)A
SQUASH_INHIBITOR;CPx(5)Cx(2)[DN]xDCx(3)CxC
CYSTATIN;[GSTEQKRV]Q[LIVT][VAF][SAGQ]G{DG}[LIVMNK]{TK}x[LIVMFY]{S}[LIVMFYA][DENQKRHSIV]
TIMP;CxCxPxHPQx(2)[FIV]C
PTX_1;HxCx[ST]Wx[ST]
IG_MHC;[FY]{L}C{PGAD}[VA]{LC}H
PRION_1;AGAAAAGAVVGGLGGY
CYCLINS;Rx(2)[LIVMSA]x(2)[FYWS][LIVM]x(8)[LIVMFC]x(4)[LIVMFYA]x(2)[STAGC][LIVMFYQ]x[LIVMFYC][LIVMFY]D[RKH][LIVMFYW]
PCNA_2;[RKA]C[DE][RH]x(3)[LIVMF]x(3)[LIVM]x[SGAN][LIVMF]xK[LIVMF](2)
PRENYLATION;C{DENQ}[LIVM]x>
ARRESTINS;[FY]RYGx[DE](2)x[DE][LIVM](2)G[LIVM]xFx[RK][DEQ][LIVM]
CHAPERONINS_CPN60;A[AS]{L}[DEQ]E{A}{Q}{R}xGG[GA]
HSP70_1;[IV]DLGT[ST]x[SC]
HSP90;Yx[NQHD][KHR][DE][IVA]F[LM]R[ED]
UBIQUITIN_1;Kx(2)[LIVM]x[DESAK]x(3)[LIVM][PAQ]x(3)Qx[LIVM][LIVMC][LIVMFY]xGx(4)[DE]
SRP54;P[LIVM]x[FYL][LIVMAT][GS]{Q}[GS][EQ]x{K}x(2)[LIVMF]
G_TR_1;D[KRSTGANQFYW]x(3)E[KRAQ]x[RKQD][GC][IVMK][ST][IV]x(2)[GSTACKRNQ]
IF5A_HYPUSINE;[PT]GKHGxAK
S100_CABP;[LIVMFYW](2)x(2)[LKQ]Dx(3)[DN]x(3)[DNSG][FY]x[ES][FYVC]x(2)[LIVMFS][LIVMF]
SASP_1;KxE[LIV]Ax[DE][LIVMF]G[LIVMF]
11S_SEED_STORAGE;NGx[DE](2)x[LIVMF]C[ST]x(11,12)[PAG]D
CASEIN_ALPHA_BETA;CL[LV]AxA[LVF]A
LECTIN_LEGUME_BETA;[LIV][STAG]V[DEQV][FLI]D[ST]
LECTIN_LEGUME_ALPHA;[LIV]{LA}[EDQ][FYWKR]V{VF}[LIVF]G[LF][ST]
LAMP_1;[STA]C[LIVM][LIVMFYW]Ax[LIVMFYW]x(3)[LIVMFYW]x(3)Y
LAMP_2;Cx(2)Dx(3,4)[LIVM](2)P[LIVM]x[LIVM]Gx(2)[LIVM]xG[LIVM](2)x[LIVM](4)A[FY]x[LIVM]x(2)[KR][RH]x(1,2)[STAG](2)Y[EQ]
GLYCOPHORIN_A;IIx[GAC]VMAG[LIVM](2)
SVP_I;[IVM]xGQDxVKx(5)[KN]Gx(3)[STLV]
ICE_NUCLEATION;AGYGSTxT
DEHYDRIN_1;S(4)[SD][DE]x[DE][GVE]x(1,7)[GE]x(0,2)[KR](4)
THAUMATIN_1;Gx[GF]xCxT[GA]DCx(1,2)[GQ]x(2,3)C
HMG_COA_REDUCTASE_2;[LIVM]Gx[LIVM]GG[AG]T
APP_CUBD;G[VT][EK][FY]VCCP
APP_INTRA;GYENPTY[KRS]
RECA_1;AL[KR][IF][FY][STA][STAD][LIVMQ]R
HISTONE_H3_1;KAPRK[QH][LI]
RIBOSOMAL_S19;[STDNQ]G[KRNQMHSI]x(6)[LIVM]x(4)[LIVMC][GSD]x(2)[LFI][GAS][DE][FYM]x(2)[ST]
ASPARTOKINASE;[LIVM]xK[FY]GG[ST][SC][LIVM]
TROPOMYOSIN;LK[EAD]AExRA[ET]
BACTERIAL_OPSIN_RET;[FYIV]{ND}[FYVG][LIVM]D[LIVMF]x[STA]Kx{K}[FY]
HCP;HRHRGHx(2)[DE](7)
HSP70_2;[LIVMF][LIVMFY][DN][LIVMFS]G[GSH][GS][AST]x(3)[ST][LIVM][LIVMFC]
HEMOLYSIN_CALCIUM;Dx[LI]x(4)GxDx[LI]xGGx(3)D
MALIC_ENZYMES;[FM]x[DV]Dx(2)[GS]T[GSA]x[IV]x[LIVMAT][GAST][GASTC][LIVMFA][LIVMFY]
SOD_CU_ZN_2;G[GNHD][SGA][GR]xRx[SGAWRV]Cx(2)[IV]
DNA_LIGASE_A2;EG[LIVMA][LIVM][LIVMA][KR]x(5,8)[YW][QNEKTI]x(2,6)[KRH]x(3,5)K[LIVMFY]K
PARATHYROID;VSExQx(2)Hx(2)G
BETA_LACTAMASE_C;[FY]E[LIVM]GS[LIVMG][SA]K
BETA_LACTAMASE_D;[PA]xS[ST]FK[LIV][PALV]x[STA][LI]
SOMATOTROPIN_2;C[LIVMFY]{PT}xD[LIVMFYSTA]x{S}{RK}{A}x[LIVMFY]x(2)[LIVMFYT]x(2)C
SURFACT_PALMITOYL;IPCCPV
MICROBODIES_CTER;[STAGCN][RKH][LIVMAFY]>
GATA_ZN_FINGER_1;Cx[DNEHQSTI]Cx(4,6)[ST]x(2)[WM][HR][RKENAMSLPGQT]x(3,4)[GNEP]x(3,6)C[NES][ASNR]C
ETS_DOMAIN_1;L[FYW][QEDH]F[LI][LVQK]{N}[LI]L
ETS_DOMAIN_2;[RKHN]x(2)MxY[DENQ]x[LIVM][STAG]R[STAG][LI]RxY
ZF_PARP_1;C[KR]xCx(3)Ix[KAL]x(3)[RG]x(16,18)W[FYH]Hx(2)C
P53;MCNSSC[MV]GGMNRR
CTF_NFI_1;RKRKYFKKHEKR
MADS_BOX_1;[RGS]x[RKS]x(5)[IL]x[DNGSK]x(3)[KR]x(2)T[FY]x[RK](3)x(2)[LIVM]x[KE]K[AT]x[EQ][LIVM][STA]xLx(4)[LIVM]x[LIVM][LIVMT][LIVM]x(6)[LIVMFC]x(2)[FYLS]
TFIID;Yx[PK]x(2)[IF]x(2)[LIVM](2)x[KRH]x(3)P[RKQ]x(3)L[LIVM]Fx[STN]G[KR][LIVMA]x(3)G[TAGL][KR]x(7)[AGCS]x(7)[LIVMF]
CSD_1;[FYKH]G[FL][IL]x(6,7)[DER][LIVM][FQ]xHx[STKR]x[LIVMFYC]
HMG_BOX_1;[FI]S[KR]KCx[EK]RWKT[MV]
HMGI_Y;[AT]x(1,2)[RK](2)[GP]RGRP[RK]x
HMG14_17;[RQ]RSA[RS]LSA[RKM][PL]
HTH_LACI_1;[LIVM]x[DE][LIVM]Ax(2)[STAGV]xV[GSTP]x(2)[STAG][LIVMA]x(2)[LIVMFYAN][LIVMC]
HISTONE_H2B;[KR]E[LIVM][EQ]Tx(2)[KR]x[LIVM](2)x[PAG][DE]Lx[KR]HA[LIVM][STA]EG
RIBOSOMAL_L5;[LIVM]x(2)[LIVM][STAVC][GE][QV]x(2)[LIVMA]x[STC]x[STAG][KRH]x[STA]
RIBOSOMAL_L11;[RKN]x[LIVM]xG[ST]x(2)[SNQ][LIVM]Gx{M}[LIVM]x(0,1)[DENG]
RIBOSOMAL_S9;[GS]GGx(2)[GSA][QK]x(2)[SA]x(3)[GSA]x[GSTAV][KR][GSALVD][LIFV]
RIBOSOMAL_S10;[AV]x(3)[GDNSR][LIVMSTAG]x(3)GP[LIVM]x[LIVM]PT
RIBOSOMAL_S15;[LIVM]x(2)H[LIVMFY]x(3){S}xDx(2)[STAGN]x(3)[LF]x(2){A}x(6)[LIVM]x(2)[FY]
BACTERIAL_PQQ_1;[DEN][WV]x(3)G[RKNM]x(6)[FYW][SV]x(4)[LIVM]Nx(2)NVx(2)L[RKT]
BACTERIAL_PQQ_2;Wx(4)[YF]Dx(3)[DN][LIVMFYT][LIVMFY](3)x(2)Gx(2)[STAG][PVT]
NIR_SIR;[STVN]GCx(3)Cx(6)[DE][LIVMF][GAT][LIVMF]
URICASE;[LV]x[LV][LIV]K[STV][ST]x[SN]xFx(2)[FY]x(4)[FY]x(2)Lx(5)R
BH4_AAA_HYDROXYL_1;PDx(2)H[DE][LIVF][LIVMFY]GH[LIVMC][PA]
RIBORED_SMALL;[IVMSEQ]Ex(1,2)[LIVTA][HY][GSA]x[STAVM]Yx(2)[LIVMQ]x(3)[LIVFY][IVFYCSA]
PTS_HPR_HIS;G[LIVM]H[STAV]R[PAS][GSTA][STAMVN]
PEP_ENZYMES_PHOS_SITE;G[GA]x[STN]xH[STA][STAV][LIVM](2)[STAV][RG]
PTS_EIIA_TYPE_1_HIS;Gx(2)[LIVMFA][LIVMF](2)H[LIVMF]G[LIVMF]xT[LIVA]
PTS_EIIA_TYPE_2_HIS;[DENQ]x(6)[LIVMF][GA]x(2)[LIVM]A[LIVM]PH[GAC]
GART;Gx[STMC][IVTL]x[FYWVQELKR][VMAT]x[DEVMKAI]x[LIVMY]DxGx(2)[LIVTYA]x(6)[LIVM]
MGMT;[LIVMF]PCHR[LIVMF](2)
UDPGT;[FW]x(2)[QL]x(2)[LIVMYA][LIMV]x(4,6)[LVGAC][LVFYAHM][LIVMF][STAGCM][HNQ][STAGC]Gx(2)[STAG]x(3)[STAGL][LIVMFA]x(4,5)[PQR][LIVMTA]x(3)[PA]x(2,3)[DES][QEHNR]
ADOMET_SYNTHASE_1;[GN][AS]GDQGx(3)G[FYHG]
ADOMET_SYNTHASE_2;G[GA]G[ASC][FY]SxK[DE]
HEXOKINASE_1;[LIVM]GF[TN]FS[FY]Px(5)[LIVM][DNST]x(3)[LIVM]x(2)WTKx[LF]
CDP_ALCOHOL_P_TRANSF;DGx(2)ARx(7,8)Gx(3)Dx(3)D
RHODANESE_1;[FY]x(3)H[LIV]PGAx(2)[LIVF]
CLP_PROTEASE_SER;Tx(2)[LIVMF]GxA[SAC]S[MSA][PAG][STA]
CLP_PROTEASE_HIS;Rx(3)[EAP]x(3)[LIVMFYT][LM][LIVM]HQP
TYR_PHOSPHATASE_1;[LIVMF]HCx(2)Gx(2)R[STC][STAGP]
PROKAR_ZN_DEPEND_PLPC_1;HYx[GT]D[LIVMAF][DNSH]xPxH[PA]xN
ALPHA_L_FUCOSIDASE;Px(2)Lx(3)KWExC
PPASE;D[SGDN]D[PE][LIVMF]D[LIVMGAC]
PROTEASOME_ALPHA_1;[FYNAGS]x(4)[STNLV]x[FYW]S[PDS]x(0,1)G[RKHDS]x(2)Q[LIVA][DENR][YH][GSAD]x(2)[GSAG]
ATPASE_DELTA;[LIVM]x[LIVMFYT]x(3)[LIVMT][DENQK]x{G}[LIVM]x[GSA]G[LIVMFYGA]{S}[LIVM][KRHENQ]x[GSEN]
ATPASE_NA_K_BETA_1;[FYWMV]x(2)[FYWM]x[FYW][DN]x(6)[LIVMF][GA]RTx(3)[WRL]
ATPASE_NA_K_BETA_2;[RK]x(2)C[RKQWI]x(5)Lx(2)C[SA]G
DDC_GAD_HDC_YDC;S[LIVMFYW]x{KG}x(3)K[LIVMFYWGH][LIVMFYWG]x{R}x[LIVMFYW]{V}[CA]x(2)[LIVMFYWQ]{K}x[RK]
PEPCASE_2;[IVLC]M[LIVM]GYSDSxK[DF][STAG]G
DNA_PHOTOLYASES_1_1;TGxP[LIVM](2)DAxM[RA]x[LIVM]
ALANINE_RACEMASE;[SACVLG][AIPTV]x(0,1)K[ADGS][DEN][GA]YG[HACILN][GD]
TOPOISOMERASE_I_PROK;[EQ]xLY[DEQSTLM]x(3,12)[LIVST][ST]YxR[ST][DEQSN]
RECOMBINASES_1;Y[LIVAC]R[VA]S[ST]x(2)Q
RECOMBINASES_2;G[DE]x(2)[LIVM]{E}x{V}[LIVM][DT]R[LIVM][GSA]
SUCCINYL_COA_LIG_2;Gx(2)Ax(4,7)[RQT][LIVMF]GH[AS][GH]
LBP_BPI_CETP;[PA][GA][LIVMC]x(2)R[IV][ST]x(3)Lx(5)[EQAV]x(4)[LIVM][EQK]x(8)P
PROK_SULFATE_BIND_1;Kx[NQEK][GT]G[DQ]x[LIVM]x(3)QS
43_KD_POSTSYNAPTIC;GQDQTKQQI
ACTINS_1;[FY][LIV][GV][DE]E[ARV][QLAH]x(1,2)[RKQ](2)[GD]
CONNEXINS_1;C[DNH][TL]x[QT]PGCx(2)[VAIL]C[FY]D
CONNEXINS_2;Cx(3,4)PCx(2,3)[LIVMTA][DENT]C[FYN][LIVMQ][SA][KRH]P
PROKAR_NTER_METHYL;[KRHEQSTAG]G[FYLIVM][ST][LT][LIVP]E[LIVMFWSTAG](14)
G_DYNAMIN_1;LP[RKT][GD][STNKEA][GND][LIVMG][VICA]TR
KINESIN_MOTOR_1;[GSAT][KRHPSTQVME][LIVMFY]x[LIVMF][IVC][DN][LS][AH]G[SAN]E
NEUROMODULIN_1;<MLCC[LIVM]RR
NEUROMODULIN_2;SFRGHIxRKK[LIVM]
PROFILIN;<x(0,1)[STA]x(0,1)W[DENQH]x[YI]x[DEQ]
SYNAPSIN_1;LRRRLSDS
SYNAPSIN_2;GHAH[SA]GMGK[IV]K
SYNAPTOBREVIN;[NT][LIVMF][DENSTG][KLNRGS][VAI]x[DEQA]Rx(2)[KRN][LIVM][STDEA]x[LIVM]x[DEQGN][KR][TAS][DEAS]
POTEX_CARLAVIRUS_COAT;[RK][FYW]A[GAP]FDxFx(2)[LV]x(3)[GASTY][GASTV]
PHOTOSYSTEM_I_PSAAB;CDGP[GE]RGGTC
SRCR_1;[GNRVM]x(5)[GLKA]x(2)[EQ]x(6)[WPS][GLKH]x(2)Cx(3)[FYW]x(8)[CM]x(3)G
TM4_1;[GC]x(3)[LIVMFS]x(2)[GSA][LIVMFTC][LIVMFA]G[CLYI]x[GA][STAPL]x(2)[EGAR]x(2)[CWNLF][LIVMGA][LIVM]
GRANINS_1;[DE][SN]L[SAN]{EGI}{ELT}[DE]xEL
GRANINS_2;C[LIVM](2)E[LIVM](2)S[DN][STA]LxKx[SN]x(3)[LIVM][STA]xEC
INTERLEUKIN_2;TE[LF]x(2)LxCLx(2)EL
CEREAL_TRYP_AMYL_INH;Cx(4)[SAGDV]x(4)[SPAL][LF]x(2)C[RH]x[LIVMFYA](2)x(3,4)C
DISINTEGRIN_1;Cx(2)[GS]xCCx(1,2)[NQRSEKD]Cx[FMYLVI]x(6)C[RKNQ]
FTSW_RODA_SPOVE;[NV]x(5)[GTR][LIVMA]xP[PTLIVME]xG[LIVM]x(3)[LIVMFW](2)S[YSAQ]GG[STN][SA]
STAPHYLOCOAGULASE;ARPx(3)KxSxTNAYNVTTx(2)[DN]Gx(3)YG
TONB_DEPENDENT_REC_1;<x(10,115)[DENF][ST][LIVMF][LIVSTEQ]V{AGPN}[AGP][STANEQPK]
SMALL_HYDR_PLANT_SEED;G[EQ]TVVPGGT
ACTINS_2;W[IVC][STAK][RK]x[DE]Y[DNE][DE]
PHOSPHOFRUCTOKINASE;[RK]x(4)[GAS]Hx[QL][QR][GS][GF]x(5)[DE][RL]
HSF_DOMAIN;Lx(3)[FY]KHxNx[STAN]SF[LIVM]RQL[NH]xYx[FYW][RKH]K[LIVM]
PEROXIDASE_1;[DET][LIVMTA]{NSYL}{RPFC}[LIVM][LIVMSTAG][SAG][LIVMSTAG]H[STA][LIVMFY]
PEROXIDASE_2;[SGATV]{D}x(2)[LIVMA]R[LIVMA]x[FW]H{V}[SAC]
CATALASE_1;R[LIVMFSTAN]F[GASTNP]YxD[AST][QEH]
CATALASE_2;[IF]x[RH]x(4)[EQ]Rx(2)Hx(2)[GAS][GASTFY][GAST]
ACYLTRANSF_C_1;[LI][PK]x[LVPQ]P[IVTAL]Px[LIVMA]x[DENQAS][ST][LIVMA]x(2)[LY]
ACYLTRANSF_C_2;R[FYW]x[DA][KA]x(0,1)[LIVMFY]x[LIVMFY](2)x(3)[DNS][GSA]x(6)[DE][HS]x(3)[DE][GAC]
CHALCONE_SYNTH;R[LIVMFYS]x[LIVM]x[QHG]xGC[FYNA][GAPV]G[GAC][STAVK]x[LIVMF][RAL]
POLYPRENYL_SYNTHASE_2;[LIVMFY]Gx(2)[FYL]Q[LIVM]xDD[LIVMFY]x[DNG]
FGGY_KINASES_2;[GSA]x[LIVMFYW]{D}G[LIVM]x(7,8)[HDENQ][LIVMF]{PEQ}{DTAI}[AS][STALIVM][LIVMFY][DEQ]
RNA_POL_D_30KD;N[SGAT][LIVMF]RRx(9)[SAR]x(3)[VA]x(4)Nx[STA]x(3)[DN]Ex[LIV][GSA]xR[LI][GAS][LIVM](2)[PV]
DNA_POLYMERASE_A;Rx(2)[GSAV]Kx(3)[LIVMFY][AGQ]x(2)Yx(2)[GS]x(3)[LIVMA]
CLOS_CELLULOSOME_RPT;D[LIVMFY][DNV]x[DNS]x(2)[LIVM][DN][SALM]xDx(3)[LIVMF]x[RKS]x[LIVMF]
ATPASE_A;[STAGN]{E}[STAG][LIVMF]RL{LP}[SAGV]N[LIVMT]
ACONITASE_1;[LIVM]x(2)[GSACIVM]x[LIV][GTIV][STP]Cx(0,1)TN[GSTANI]x(4)[LIVMA]
PATHOGENESIS_BETVI;Gx(2)[LIVMF]x(4)Ex(2,3)[CSTAENV]x(8,9)[GNDS][GS](2)[CS]x(2)[KT]x(4)[FY]
GUANYLATE_CYCLASE_1;[GD][VI][LIVM]x(0,1)[GS]x(5)[FY]x[LIVM][FYWL][GS][DNTHKWE][DNTAS][IV][DNTAY]x(5)[DEC]
AMP_BINDING;[LIVMFY]{E}{VES}[STG][STAG]G[ST][STEI][SG]x[PASLIVM][KR]
NA_SOLUT_SYMP_1;[GS]x(2)[LIY]x(3)[LIVMFYWSTAG](7)x(3)[LIY][STAV]x(2)GG[LMF]x[SAP]
NA_SOLUT_SYMP_2;[GAST][LIVM]x(3)[KR]x(4)GAx(2)[GAS][LIVMGS][LIVMW][LIVMGAT]Gx[LIVMGA]
ANF_RECEPTORS;GPxCxYxAAxVxRx(3)HW
MYOTOXINS_1;KxCHxKx(2)HCx(2)Kx(3)Cx(8)Kx(2)Cx(2)[RK]xKCCKK
GLUTATHIONE_PEROXID_1;[GNDRC][RKHNQFYCS]x[LIVMFCS][LIVMF](2)xN[VT]x[STCA]x[CU][GA]x[TA]
6PGD;[LIVM]x[DG]x(2)[GAEHS][NQSD][KS]G[TE]GxW
G_GLU_TRANSPEPTIDASE;T[STA]Hx[ST][LIVMA]x(4)G[SN]xV[STA]xTxT[LIVM][NE]x(1,2)[FY]G
ZN2_CY6_FUNGAL_1;[GASTPV]Cx(2)C[RKHSTACW]x(2)[RKHQ]x(2)Cx(5,12)Cx(2)Cx(6,8)C
RIBOSOMAL_L22;[RKQN]x(2){G}x[RH][GAS]xG[KRQS]x(8){L}[HDN][LIVM]{A}[LIVMS]x[LIVM]
POU_2;SQ[STK][TA]I[SC]R[FH][ET]x[LSQ]x(0,1)[LIR][ST]
ZF_TFIIS_1;Cx(2)Cx(9)[LIVMQSART][QH][STQLMI][RA][SACR]x[DE][DET][PGSEAM]x(6)Cx(2,5)Cx(3)[FWE]
RIBOSOMAL_L2;Px(2)RG[STAIV](2)xN[APK]x[DE]
COBALAMIN_BINDING;[SN][VT]DT[GAME]A[LIVM][AV]x[LM]A[LIVMF][ST]C
NDP_KINASES;Nx(2)H[GA]SD[GSA][LIVMPKNE]
IDH_IMDH;[NSK][LIMYTV][FYDNH][GEA][DNGSTY][IMVYL]x[STGDN][DN]x(1,2)[SGAP]x(3,4)[GE][STG][LIVMPA][GA][LIVMF]
SMALL_CYTOKINES_CXC;CxC[LIVMS]x(4,6)[LIVMFY]x(2)[RKSEQNA]x[LIVM]x(2)[LIVMA]x(5)[STAG]x(2)Cx(3)[EQ][LIVM](2)x(9,10)C[LV][DN]
SMALL_CYTOKINES_CC;CC[LIFYTRQ]x(5,8)[LIR]x(4)[LIVMFA]x(2)[FYWECI]x(5,8)Cx(3,4)[SAG][LIVM](2)[FL]x(7,9)C[STAV]
GNRH;Q[HY][FYW]Sx(4)PG
RIBOSOMAL_L3;[FL]x(6)[DN]x(2)[AGS]x[ST]xG[KRH]Gx(2)Gx(3)R
RIBOSOMAL_L15;[KR][LIVM](2)[GASL]x[GT]x[LIVMA]x(2,5)[LIVMF]x[LIVMF]x(3,4)[LIVMFCA][ST]x(2)Ax(3)[LIVM]x(3)G
FATTY_ACID_DESATUR_1;GEx[FYN]HN[FY]HHxFPxDY
ALPHA_2_MACROGLOBULIN;[PG]x[GS]C[GA]E[EQ]x[LIVM]
LIM_DOMAIN_1;Cx(2)Cx(15,21)[FYWHPCR]Hx(2)[CH]x(2)Cx(2)Cx(3)[LIVMF]
ZF_DAG_PE_1;Hx[LIVMFYW]x(8,11)Cx(2)Cx(3)[LIVMFC]x(5,10)Cx(2)Cx(4)[HD]x(2)Cx(5,9)C
CITRATE_SYNTHASE;G[FYAV][GA]Hx[IV]x(1,2)[RKTQ]x(2)[DV][PS]R
THIOL_CYTOLYSINS;[RK]ECTGLxWEWW[RK]
DIHYDROOROTASE_1;D[LIVMFYWSAP]H[LIVA]H[LIVF][RN]x[PGANF]
DIHYDROOROTASE_2;[GAVS][ST]DxAPHx(4)K
THYROGLOBULIN_1_1;[FYWHPVAS]x(3)Cx(3,4)[SG]x[FYW]x(3)Qx(5,12)[FYW]C[VA]x(3,4)[SG]
A_DEAMINASE;[SA][LIVM][NGS][STA]DDP
DNA_MISMATCH_REPAIR_2;[STA][LIVMF]x[LIVM]xDE[LIVMFY][GCA][RKHAS][GS][GST]x(4)G
IMP_DH_GMP_RED;[LIVMT][RK][LIVM]G[LIVM]GxG[SRK][LIVMAT]CxT
PAL_HISTIDASE;[GS][STG][LIVM][STG][SAC]SG[DH]Lx[PN]L[SA]x(2,3)[SAGVTL]
RNA_POL_PHAGE_2;[LIVMF]xRx(3)Kx(2)[LIVMF]M[PT]x(2)Y
MOLYBDOPTERIN_PROK_2;[STA]x[STAC](2)x(2)[STA]D[LIVMY](2)LPx[STAC](2)x(2)E
PROLINE_PEPTIDASE;[HA][GSYR][LIVMT][SG]Hx[LIV]G[LIVMNKS]x[IVEL][HNC][DEV]
CLUSTERIN_1;CKPCLKxTC
CLUSTERIN_2;CL[RK]M[RK]x[EQ]C[ED]KC
BACTERIAL_LUCIFERASE;[GA][LIVM]P[LIVM]x[LIVMFY]xWx(6)[RK]x(6)Yx(3)[AR]
APPLE;Cx(3)[LIVMFY]x(5)[LIVMFY]x(3)[DENQ][LIVMFY]x(10)Cx(3)CTx(4)Cx[LIVMFY]Fx[FY]x(13,14)Cx[LIVMFY][RK]x[ST]x(14,15)SGx[ST][LIVMFY]x(2)C
PII_GLNB_UMP;Y[KR]G[AS][AE]Y
TYROSINASE_1;Hx(4,5)F[LIVMFTP]x[FW]HRx(2)[LVMT]x(3)E
TYROSINASE_2;DPxF[LIVMFYW]x(2)Hx(3)D
THYMOSIN_B4;L[KR]KT[DENT]Tx(2)KN[PT]L
SPASE_I_1;[GS]{PR}SM{RS}[PS][AT][LF]
POLYGALACTURONASE;[GSDENKRH]x(2)[VMFC]x(2)[GS]HG[LIVMAG]x(1,2)[LIVM]GS
PECTINESTERASE_2;[IV]xG[STAD][LIVT]D[FYI][IV][FSN]G
FRD_SDH_FAD_BINDING;R[ST]H[ST]x(2)AxGG
PEPCK_GTP;[FY]PS[AGMS]CGKT[NS]
BETA_AMYLASE_1;HxCGGNVGD
NI_HGENASE_L_1;RG[LIVMF]Ex(15)[QESMP][RK]xC[GR][LIVM]C
NI_HGENASE_L_2;[FY]D[PI][CU][LIMAV][ASG]Cx(2,3)H
RAS_GTPASE_ACTIV_1;[GSNA]x[LIVMF][FYCI][LIVMFY]R[LIVMFY](2)[GACNS][PAV][AV][LIV][LIVM][SGANT]P
MALATE_SYNTHASE;[KR][DENQ][HN]x(2)GLNxGxWDY[LIVM]F
CRF;[PQA]x[LIVM]S[LIVM]x(2)[PST][LIVMF]x[LIVM]LRx(2)[LIVMW]
ALPHA_GALACTOSIDASE;G[LIVMFY]x(2)[LIVMFY]x[LIVM]D[DF]x(1,2)Wx(3,7)[RV][DNSF]
ADENYLOSUCCIN_SYN_2;GI[GR]PxYx(2)Kx(2)R
FIBRINOGEN_C_1;WW[LIVMFYW]x(2)Cx(2)[GSA]x(2)NG
SVP_II;[GSA]QxKS[FY]xQxK[SA]
ALKYLBASE_DNA_GLYCOS;G[IV][GK]xW[ST][AVI]x[LIVMFY](2)x[LIVM]x(8)[MF]x(2)[ED]D
RNASE_3_1;[DEQ][KRQT][LMF]E[FYW][LV]GD[SARHG]
ZF_RING_1;CxHx[LIVMFY]Cx(2)C[LIVMYA]
HTH_ASNC_1;[GSTAP]x(2)[DNEQA][LIVM][GSA]x(2)[LIVMFYT][GAN][LIVMST][ST]x(6)R[LIVT]x(2)[LIVM]x(3)G
INTERLEUKIN_10;[KQS]x(4)C[QYCS]x(4)[LIVM](2)x[FLR][FYT][LMVR]x[DERTI][IV][LMF]
P5CR;[PALF]x(2,3)[LIV]x(3)[LIVM][STAC][STV]x[GANK]GxTx(2)[AG][LIV]x(2)[LMF][DENQK]
DNA_POLYMERASE_X;G[SG][LFY]xR[GE]x(3)[SGCL]xD[LIVM]D[LIVMFY](3)x(2)[SAP]
SULFATASE_1;[SAPG][LIVMST][CS][STACG]P[STA]Rx(2)[LIVMFW](2)[TAR]G
SMB_1;CxCx(3)Cx(5,6)CCx[DN][FY]x(3)C
RIBOSOMAL_L6_1;[PS][DENS]xYK[GA]KG[LIVM]
RIBOSOMAL_L19E;Q[KR]R[LIVM]x[SA]x(4)[CV]Gx(3)[IV][WK][LIVF][DNSV][PE]
RIBOSOMAL_S14;[RP]x(0,1)Cx(11,12)[LIVMF]{L}[LIVMF][SC][RG]x{D}{PK}[RN]
RIBOSOMAL_S4E;HxKR[LIVMF][SANK]xPx(2)[WY]x[LIVM]x[KRP]
RIBOSOMAL_S24E;[FYAT]Gx(2)[KREILYV][STAI]x[GCAVI][FYKRE][GTALV]x[LIVYA]Y[DENQAKY][STDN]x(7)E
RNASE_T2_1;[FYWL]x[LIVM]HGL[WY]P
RNASE_T2_2;[LIVMF]x(2)[HDGTY][EQ][FYW]x[KRT]H[GA]xC
PEPCK_ATP;LIGDDEHxWx[DEPKVNA]x[GVS][IV]xN
PORPHOBILINOGEN_DEAM;E[KR]x[LIVMFAT]x(3)[LIVMFAC]x[GSALV][GSANHD]Cx[IVTACS][PLA][LIVMF][GSA]
FERROCHELATASE;[LIVMF][LIVMFC]x[ST]xH[GS][LIVM]Px(4,5)[DENQKRLHAFSTI]x[GN][DPC]x(1,4)[YA]
COMPLEX1_49K;[LIVMH]H[RT][GA]xEK[LIVMTN]xEx[KRQ]
UBIQUITIN_ACTIVAT_1;K[AI][CL]SGK[FI]x[PQ]
CYTOCHROME_B559;[LIV]x[ST][LIVF]R[FYW]x(2)[IVL]H[STGAV][LIV][STGA][IV]P
CHEMOTAXIS_TRANSDUC_1;RTE[EQ]Qx(2)[SA][LIVM]x[EQ]TAASMEQLTATV
PYROKININ;F[GSTV]PRL[G>]
FERRITIN_1;Ex[KR]Ex(2)E[KR][LF][LIVMA]x(2)QNxRxGR
TP1;SKRKYRK
COMPLEX1_30K;EREx(2)[DE][LIVMFY](2)x(6)[HK]x(3)[KRP]x[LIVM][LIVMYS]
HLYD_FAMILY;[LIVM]x(2)G[LM]x(3)[STGAV]x[LIVMT]x[LIVMTK][GE]x[KR]x[LIVMFYW](2)x[LIVMFYW](2)[LIVMFYWK]
METMALONYL_COA_MUTASE;RIARN[TQ]x(2)[LIVMFY](2)x[EQH]Ex(4)[KRN]x(2)DPx[GSA]GS
ALDOSE_1_EPIMERASE;[NS]xTNHxY[FW]N[LI]
CYSTEINE_SWITCH;PRC[GN]xP[DR][LIVSAPKQ]
TRANSGLUTAMINASES;[GT]Q[CA]WVx[SA][GAS][IVT]x(2)Tx[LMSC]R[CSAG][LV]G
RIBOSOMAL_S3;[GSTA][KR]x(6)Gx[LIVMT]x(2)[NQSCH]x(1,3)[LIVFCA]x(3)[LIV][DENQ]x(7)[LMT]x(2)Gx(2)[GS]
BACTERIOFERRITIN;<MxGx(3)[IV][LIV]x(2)[LM]x(3)Lx(3)L
HEMERYTHRINS;HFx(2)[EQ][ENQ]x(2)[LMF]x(4,7)[FY]x(5,6)Hx(3)[HR]
MOLYBDOPTERIN_PROK_1;[STAN]x[CH]x(2,3)C[STAG][GSTVMF]xCx[LIVMFYW]x[LIVMA]x(3,4)[DENQKHT]
HTH_MERR_1;[GSA]x[LIVMFA][ASM]x(2)[STACLIV][GSDENQR][LIVC][STANHK]x(3)[LIVM][RHF]x[YW][DEQ]x(2,3)[GHDNQ][LIVMF](2)
LAMBDA_PHAGE_CIII;ESxLxRx(2)[KR]xLx(4)[KR](2)x(2)[DE]xL
TEA_1;GRNELIx(2)[YH]Ix(3)[TC]x(3)RT[RK](2)Q[LIVM]SSH[LIVM]QV
ICOSAH_VIR_COAT_S;[FYW]x[PSTA]x(7)Gx[LIVM]x[LIVM]x[FYWI]x(2)Dx(5)P
HOK_GEF;[LIVMA](4)C[LIVMFA]T[LIVMA](2)x(4)[LIVM]x[RG]x(2)L[CY]
FMN_HYDROXY_ACID_DH_1;SNHG[AG]RQ
EUKARYOTIC_PORIN;[YH]x(2)D[SPCAD]x[STA]x(3)[TAG][KR][LIVMF][DNSTA][DNS]x(4)[GSTAN][LIVMA]x[LIVMY]
MOLYBDOPTERIN_EUK;[GA]{A}x(2)[KRNQHT]x(11,14)[LIVMFYWS]x(3){V}{GK}x(3)[LIVMF]xCx(2)[DEN]Rx(2)[DE]
CARBOXYPEPT_SER_HIS;[LIVF]x(2)[LIVSTA]x[IVPST]x[GSDNQL][SAGV][SG]Hx[IVAQ]Px(3)[PSA]
CBM2_A;WN[STAGR][STDN][LIVM]x(2)[GST]x[GST]x(2)[LIVMFT][GA]
CBM1_1;CGGx(4,7)Gx(3)Cx(4,5)Cx(3,5)[NHGS]x[FYWMI]x(2)QC
STATHMIN_1;P[KRQ][KR](2)[DE]xSL[EG]E
ARGININOSUCCIN_SYN_1;[ASL][FY]SGG[LV]DT[ST]
ARGININOSUCCIN_SYN_2;GxTx[KRM]GNDx(2)RF
FIBRILLARIN;[GST][LIVMAPKR][IVEAT][FY][GSAC][IVL]E[FYV][SA]x(0,1)[REA]x(2)[RQSFT][DEK]
PHOSPHORIBULOKINASE;K[LIVM]xRDx(3)RGx[ST]xE
MYELIN_P0;S[KR]SxK[AG]x[SA]EKK[STA]K
MYELIN_MBP;VVHFFKN
RING_HYDROXYL_ALPHA;CxHR[GAR]x(7,8)[GEKVI][NERAQ]x(4,5)Cx[FY]H
AMIDASES;G[GAV]S[GS](2)Gx[GSAE][GSAVYCT]x[LIVMT][GSA]x(6)[GSAT]x[GA]x[DE]x[GA]xS[LIVM]RxP[GSACTL]
GLYCOSYL_HYDROL_F1_1;[LIVMFSTC][LIVFYS][LIV][LIVMST]ENG[LIVMFAR][CSAGN]
PYRIDINE_REDOX_2;Cx(2)CD[GAS]x(2,4)[FYA]x(4)[LIVMAT]x(0,1)[LIVM](2)[GI][GDS][GRD][DN]
FATTY_ACID_DESATUR_2;[ST][SA]x(3)[QR][LI]x(5,6)DYx(2)[LIVMFYW][LIVM][DE]
MYELIN_PLP_1;G[MV]ALFCGCGH
GRAM_NEG_PORIN;[LIVMFY]x(2)Gx(2)YxFxKx(2)[SN][STAV][LIVMFYW]V
AVIDIN_1;[DENY]x(2)[KRI][STA]x(2)VGx[DN]x[FW]T[KR]
RIBOSOMAL_S6E;[LIVM][STAMR]GGx[DG]x(2)Gx[PV]M
RIBOSOMAL_L29;[KNQS][PSTLNH]{D}{F}[LIVMFA][KRGSADN]x[LIVYSTA][KR][KRHQS][DESTANQRL][LIV]A[KRCQVT][LIVMA]
RIBOSOMAL_L32E;FxRx(4)[KRL]x(2)[KRT][LIVMFT]x(3,5)WR[KR]x(2)G
CLATHRIN_LIGHT_CHN_2;[KR][DS]x[SE][KR][LIVMF][KR]x[LIVM][LIVMY][LIVM]xL[KA]
RIBOSOMAL_L33;[YW]x[STKV]x[KR][NSKQ]x(3,4)[PATQS]x(1,2)[LIVMF][EAQVSIT]x(2)K[FYH][CSD]
PFKB_KINASES_1;[AG]Gx(0,1)[GAP]xN{AGLS}[STA]x(2){A}x{G}{GNKA}[GS]x(9)G
PFKB_KINASES_2;[DNSK][PSTV]x[SAG](2)[GD]Dx(3)[SAGV][AG][LIVMFYA][LIVMSTAP]
RIBOSOMAL_S5;G[KRQEA]x(3)[FYVIM]x[ACVTI]x(2)[LIVMA][LIVMAT][AG][DN]x(2,3)Gx[LIVMA][GS]x[SAG]x(5,6)[DEQGHS][LIVMARFY]x(2,3)[AS][LIVMFRY]
RIBOSOMAL_L16_1;[KRG][KR]x[GSAC][KRQVA][LIVMK][WY][LIVM][KRN][LIVM][LFY][APK]
GLYCOSYL_HYDROL_F17;[LIVMKS]x[LIVMFYWA](3)[STAG]E[STACVI]G[WY]P[STN]x[SAGQ]
FLAGELLA_BB_ROD;[GTARYQ]x{R}x(7)[LIVMYSTA](2)[GSTA][STADEN]N[LIVM][SAN]Nx[SADENFR][STV]
PTS_HPR_SER;[GSTADE][KREQSTIV]x{EPRK}{VPGL}x[KRDN]S[LIVMF](2){EVPL}[LIVM]{EATN}x[LIVM][GADE]
LIF_OSM;[PST]x(4)F[NQ]xKx(3)Cx[LF]Lx(2)Y[HK]
GH10_1;[GTA]{QNAG}{GSV}[LIVN]x[IVMF][ST]E[LIY][DN][LIVMF]
GH9_2;[HLY][AILMV][FIL]Gx[NSTW]x(2,4)[SCTV][FY][LIVMFY][SITV]Gx(1,5)[GSY]x(2)[AFPSTY][FLPSV]x(2)[AILPQVM][HV][DHLS][KRS]
HEME_OXYGENASE;L[IV]AH[STACH]Y[STV][RT]Y[LIVM]G
AROMATIC_AA_PERMEASE_1;IG[GA]GM[LF][SA]xPx(3)[SA]Gx(2)F
AA_TRANSFER_CLASS_5;[LIVFYCHT][DGH][LIVMFYAC][LIVMFYA]x(2)[GSTAC][GSTA][HQR]Kx(4,6)Gx[GSAT]x[LIVMFYSAC]
PLANT_LTP;[LIVM][PA]x(2)Cx(1,2)[LIVM]x(1,2)[LIVMST]x[LIVMFY]x(1,2)[LIVMF][STRD]x(3)[DN]Cx(2)[LIVM]
CHROMO_1;[FYL]x[LIVMC][KR]Wx[GDNR][FYWLME]x(5,6)[ST]W[ESV][PSTDEN]x(2,3)[LIVMC]
AA_TRANSFER_CLASS_2;T[LIVMFYW][STAG]K[SAG][LIVMFYWR][SAG]{ENKR}{TNDR}[SAG]
AA_TRANSFER_CLASS_3;[LIVMFYWCS][LIVMFYWCAH]xD[ED][IVA]x(2,3)[GAT][LIVMFAGCYN]x(0,1)[RSACLIH]x[GSADEHRM]x(10,16)[DH][LIVMFCAG][LIVMFYSTAR]x(2)[GSA]Kx(2,3)[GSTADNV][GSAC]
IRF_1;Wx[DNH]x(5)[LIVF]x[IV]PWxHx(9,10)[DE]x(2)[LIVF]F[KRQ]x[WR]A
ALDOLASE_CLASS_II_1;[FYVMT]x(1,3)[LIVMH][APNT][LIVM]x(1,2)[LIVM]HxDH[GACH]
TK_CELLULAR_TYPE;[GA]x(1,2)[DE]xYx[STAPV]xC[NKR]x[CH][LIVMFYWH]
SYNAPTOP;LSV[DE]CxNKT
ATPASE_C;[GSTA]R[NQ]Px(5){A}x{F}x(2)[LIVMFYW](2)x(3)[LIVMFYW]x[DE]
KS3_1;G{A}{KGR}x(2)[LIVMFTAP]{R}x[AGC]C[STA](2)[STAG]x(2){LI}[LIVMF]
PDEASE_II;HxHLDH[LIVM]x[GS][LIVMA][LIVM](2)xS[AP]
GLYCOSYL_HYDROL_F2_2;[DENQLF][KRVW]N[HRY][STAPV][SAC][LIVMFS][LIVMFSA][LIVMFS]W[GSV]x(2,3)NE
GLYCOSYL_HYDROL_F32;Hx(2)[PV]x(4)[LIVMA]NDPN[GA]
NA_NEUROTRAN_SYMP_1;W[RK]F[GPA][YF]x(4)[NYHS]GG[GCA]x[FY]
HISOL_DEHYDROGENASE;[IVTPM][DEG]x(2,3)[AYEPQ]G[PT][ST][ED][LIVSTA][LIVMAECGFT][LIVMA][LIVMAYF][ACNDSTI]x(2,3)[ACNGVST]x(4,6)[LIVMAC][AVLKIT][SACLYWNRMTV][DEG][LIVMFCA][LIVMKFR][SAGVI]x(2)EH
OSTEONECTIN_1;Cx[DNS]x(2)Cx(2)G[KRH]xCx(6,7)PxCxCx(3,5)CP
OSTEONECTIN_2;FPxR[IM]xDWLx[NQ]
IGPS;[LIVMFY][LIVMC]xE[LIVMFYC]K[KRSPQV][STAHKRYC]SP[STRK]x(3,7)[LIVMFYST]
C_TYPE_LECTIN_1;C[LIVMFYATG]x(5,12)[WL]{T}[DNSR]{C}{LI}Cx(5,6)[FYWLIVSTA][LIVMSTA]C
HIS_ACID_PHOSPHAT_1;[LIVM]x(2)[LIVMA]x(2)[LIVM]xRH[GN]xRx[PAS]
RECF_1;[LIFV]x(6)[LIF][LIVF]x[GSDE][GSTADNPE][PASG]x(2)RRx[FYW][LIVMF][DN]
RECF_2;[LIV][LIFYMV]x[LIVM]D[DEA][LIVF]x(2)[EHCGK]LDx(2)[KRH]x(3)[LIVF]
PTN_MK_1;S[DE]Cx[DE]WxWx(2)CxPx[SN]xDCG[LIVMA]GxREG
PTN_MK_2;C[KR][LIVM]PCNWKKxFGA[DE]CKYxF[EQ]xWGxC
TISSUE_FACTOR;WKxKCx(2)Tx[DEN]TECD[LIVM]TDE
HTH_LUXR_1;[GDC]x(2)[NSTAVY]x(2)[IV][GSTA]x(2)[LIVMFYWCT]x[LIVMFYWCR]x(3)[NST][LIVM]x(2){T}x(2)[NRHSA][LIVMSTA]x(2)[KR]
GMC_OXRED_1;[GA][RKNC]x[LIVW]G(2)[GST](2)x[LIVM][NH]x(3)[FYWA]x(2)[PAG]x(5)[DNESHQA]
GMC_OXRED_2;[GS][PSTA]x(2)[ST][PS]x[LIVM](2)x(2)SG[LIVM]G
RCC1_1;GxNDx(2)[AV]LGRxT
RCC1_2;[LIVMFA][STAGC](2)Gx{TAV}H[STAGLI][LIVMFA]{KI}[LIVM]
GHMP_KINASES_ATP;[LIVM][PK]x[GSTA]x(0,1)G[LM][GS]SS[GSA][GSTAC]
RIBOSOMAL_S19E;Px(6)[SANG]x(2)[LIVMAC]xRx[ALIV][LV][QH]xL[EQ]
IMP_1;[FWV]x(0,1)[LIVM]DP[LIVM]D[SG][ST]x(2)[FYA]x(0,1)[HKRNSTY]
IMP_2;[WYV]Dx[AC][GSA][GSAPV]x[LIVFACP][LIVM][LIVAC]x(3)[GH][GA]
CYTOSOL_AP;[NS][TS]DAEGR[LVMI]
RIBOSOMAL_S4;[LIVM][DERA]xR[LI]x(3)[LIVMC][VMFYHQL][KRTS]x(3)[STAGCVF]x[ST]x(3)[SAI][KRQ]x[LIVMF](2)
BROMODOMAIN_1;[STANVFHG]x(2)[FAS]x(4)[DNSPAKT]x(0,7)[DENQTFG]Y[HFYLRKT]x(2)[LIVMFY]x(3)[LIVM]x(4)[LIVM]x(6,10)Yx(12,13)[LIVM]x(2)N[SACF]x(2)[FY]
RIBOSOMAL_L30;[IVTAS][LIVM]x(2)[LF]x[LI]x[KRHQEG]x(2)[STNQH]x[IVTR]x(10)[LMSN][LIV]x(2)[LIVA]x(2)[LMFY][IVT]
PILI_CHAPERONE;[LIVMFY][APN]x[DNS][KREQ]E[STR][LIVMAR]x[FYWTE]x[NCS][LIVM]x(2)[LIVM]P[PAS]
DNAJ_1;[FY]{GL}x[LIVMA]{IP}x(2)[FYWHNT][DENQSA]xLx[DN]x(3)[KR]{F}{P}[FYI]
PII_GLNB_CTER;[ST]x(3)G[DY]G[KR][IV][FW][LIVM]x(2)[LIVM]
THIOL_PROTEASE_HIS;[LIVMGSTAN]{IEVK}H[GSACE][LIVM]{GPSI}[LIVMAT](2)G{SLAG}[GSADNH]
THIOL_PROTEASE_ASN;[FYCH][WI][LIVT]x[KRQAG]N[ST]Wx(3)[FYW]Gx(2)G[LFYW][LIVMFYG]x[LIVMF]
COMPLEX1_75K_1;Px(2)C[YWSD]x(7)[GA]xCRxC
COMPLEX1_75K_2;CPxC[DE]x[GS](2)xCxLQ
COMPLEX1_75K_3;RC[LIVM]xCxRC[LIVMT]x[LMFY]
COMPLEX1_51K_1;G[AM]G[AR]Y[LIVM]CG[DE](2)[STA](2)[LIM](2)[END]S
COMPLEX1_51K_2;E[ST]CGxCxPCRxG
RIBOSOMAL_S13_1;[KRQSEAT][GS]xRHx(2)[GSNHKLCD]x(2)[LIVMCT][RNH]GQ
THYMID_PHOSPHORYLASE;[SA][GS]R[GA][LIV]x(2)[TAP][GAS]GTxDx[LIVMF][EDS]
RIBONUCLEASE_P;[LIVMFYSNAD]x(2)Ax(2)R[NH][KRQLYAT][LIVMFSA][KRA]Rx[LIVMTA][KR]
G_PROTEIN_RECEP_F2_1;Cx(3)[FYWLIV]Dx(3,4)C[FW]x(2)[STAGV]x(8,9)C[PF]
G_PROTEIN_RECEP_F2_2;[QL]G[LMFCAV][LIVMFTA][LIV]x[LIVFSTM][LIFHV][VFYHLG]C[LFYAVI]x[NKRQDS]x(2)[VAI]
RIBOSOMAL_L9;Gx(2)[GNF]x(4)[VAI]x(2)G[FY]x(2)[NH][FYWL]Lx(5)[GA]x(3)[STNG]
TNFR_NGFR_1;Cx(4,6)[FYH]x(5,10)Cx(0,2)Cx(2,3)Cx(7,11)Cx(4,6)[DNEQSKP]{PD}{CP}C
GLYCOSYL_HYDROL_F1_2;Fx[FYWM][GSTA]x[GSTA]x[GSTA](2)[FYNH][NQ]xEx[GSTA]
PRD_1;[ST][DM]H[LIC]x(2)[FA][LIY][EQK]Rx(2)[QNKA]
GLYCOSYL_HYDROL_F6_1;VxYx(2)PxRDC[GSAF]x(2)[GSA](2)xG
GLYCOSYL_HYDROL_F6_2;[LIVMYA][LIVA][LIVT][LIV]EPD[SAL][LI][PSAG]
FORK_HEAD_1;[KR]P[PTQ][FYLVQH]S[FY]x(2)[LIVM]x(3,4)[AC][LIM]
FORK_HEAD_2;W[QKR][NSD][SA][LIV]RH
GLYCOSYL_HYDROL_F5;[LIV][LIVMFYWGA](2)[DNEQG][LIVMGST]{SENR}NE[PV][RHDNSTLIVFY]
FERM_1;W[LIV]x(3)[KRQ]x[LIVM]x(2)[QH]x(0,2)[LIVMF]x(6,8)[LIVMF]x(3,5)F[FY]x(2)[DENS]
FERM_2;[HYW]x(9)[DENQSTV][SA]x(3)[FYC][LIVM]x(2,3)[ACVWD]x(2)[LM]x(2)[FY][GM]x[DENQSTH][LIVMFYS]
T2SP_E;[LIVM]Rx(2)PDx[LIVM](3)GE[LIVM]RD
VINCULIN_1;[KR]x[LIVMF]x(3)[LIVMA]x(2)[LIVM]x(6)RQQEL
VINCULIN_2;[LIVM]x[QA]Ax(2)W[IL]x[DN]P
DHDPS_1;[GSA][LIVM][LIVMFY]x(2)G[ST][TG]GE[GASNF]x(6)[EQ]
DHDPS_2;Y[DNSAH][LIVMFAN]Px(2)[STAV]x(2,3)[LIVMFT]x(13,14)[LIVMCF]x[SGA][LIVMFNS]K[DEQAFYH][STACI]
COMPLEX1_ND1_1;G[LIVMFYKRSAQT][LIVMAGPF][QAM]x[LIVMFYCA]xD[AGIM][LIVMFTA][KS][LVMYSTI][LIVMFYGA]x[KRE][EQG]
COMPLEX1_ND1_2;PFD[LIVMFYQN][STAGPVMI]E[GACS]Ex(0,2)[EQLN][LIVMS]x(1,2)G
GAS_VESICLE_A_2;R[LIVA](3)A[GS][LIVMFY]x[TK]x(3)[YFI][AG]
D_2_HYDROXYACID_DH_2;[LIVMFYWA][LIVFYWC]x(2)[SAC][DNQHR][IVFA][LIVF]x[LIVF][HNI]xPx(4)[STN]x(2)[LIVMF]x[GSDN]
D_2_HYDROXYACID_DH_3;[LMFATCYV][KPQNHAR]x[GSTDNK]x[LIVMFYWRC][LIVMFYW](2)Nx[STAGC]R[GP]x[LIVH][LIVMCT][DNVE]
V8_HIS;[ST]G[LIVMFYW](3)[GN]x(2)T[LIVM]xTx(2)H
V8_SER;Tx(2)[GC][NQ]SGSx[LIVM][FY]
AAA;[LIVMTR]x[LIVMT][LIVMF]x[GATMC][ST][NS]x(4)[LIVM]Dx[AS][LIFAV]x(1,2)R
SIGMA54_INTERACT_1;[LIVMFY](3)xG[DEQ][STE]G[STAV]GKx(2)[LIVMFY]
SIGMA54_INTERACT_2;[GS]x[LIVMFA]x(2)[AS][DNEQASH][GNEKT]G[STIM][LIVMFY](3)[DE][EK][LIVM]
DAO;[LIVM](2)H[NHA]YGx[GSA](2)xGx(5)GxA
WD_REPEATS_1;[LIVMSTAC][LIVMFYWSTAGC][LIMSTAG][LIVMSTAGC]x(2)[DN]x{P}[LIVMWSTAC]{DP}[LIVMFSTAG]W[DEN][LIVMFSTAGCN]
BETA_AMYLASE_2;Gx[SA]GE[LIVM]RYPSY
MAP_1;[MFY]xGHG[LIVMC][GSHN]x(3)Hx(4)[LIVM]x(1,2)[HN][YWVHF]
CHAPERONINS_CPN10;[LIVMFY]xP[ILT]x[DEN][KR][LIVMFA](3)[KREQS]x(8,9)[SG]x[LIVMFY](3)
ZP_1;[LIVMFYW]x(7)[STAPDNLR]x(3)[LIVMFYW]x[LIVMFYW]x[LIVMFYW]x(2)C[LIVMFYW]x[STA][PSLT]x(2,4)[DENSG]x[STADNQLFM]x(6)[LIVM](2)x(3,4)C
RHODANESE_2;[AV]x(2)[FY][DEAP]G[GSA][WF]xE[FYW]
SASP_2;[KRC][SAQ]xGx[VF]G[GA]x[LIVM]x[KR][KRC][LIVM](2)
NFYB_HAP3;C[VA][ST]ExISF[LIVM]T[SGC]EA[SCN][DE][KRQ]C
NFYA_HAP2_1;[FY]VN[AS]KQ[FY]x(2)I[ILM][KR]RRx(2)RAK[LA]E
ALDEHYDE_DEHYDR_GLU;[LIVMFGA]E[LIMSTAC][GS]G[KNLM][SADN][TAPFV]
SIGMA54_INTERACT_3;[FYW]P[GS]N[LIVM]R[EQ]Lx[NHAT]
GLYCO_HORMONE_BETA_2;[PA]VAx(2)CxCx(2)Cx(4)[STDAI][DEY]Cx(6,8)[PGSTAVMI]x(2)C
DEAH_ATP_HELICASE;[GSAH]x[LIVMF](3)DE[ALIV]H[NECR]
DNA_PHOTOLYASES_1_2;[DN]RxR[LIVM][LIVMN]x[STA][STAQ]F[LIVMFA]xKxLx(2,3)W[KRQ]
NIFH_FRXC_2;DxLGDVVCGGF[AGSP]xP
ENT_VIR_OMP_1;G[LIVMFY]N[LIVM]KYRYE
ENT_VIR_OMP_2;[FYW]x(2)GxGY[KR]F>
ETF_ALPHA;[LI]Y[LIVM][AT]x[GA][IV][SD]Gx[IV]Q[HP]x(2)Gx(6)[IV]xA[IV]N
DNA_LIGASE_A1;[EDQH]{K}K{VEDI}[DN]G{GLYN}R[GACIVM]
GH9_3;[FYW]xDx(4)[FYW]x(3)Ex[STA]x(3)N[STA]
NITROGENASE_1_1;[LIVMFYH][LIVMFST]H[AG][AGSP][LIVMNQA][AG]C
RIBOSOMAL_L6_2;[QLS]x(3)[LIVM]x(2)[KRWYF]x(2)RxFxDG[LIVM][YF][LIVM]x(2)[KR]
RIBOSOMAL_L16_2;RMGx[GR]KGx(4)[FWKR]
GM_CSF;CP[LP]TxE[ST]xC
OKR_DC_1;[STAV]xSxHKx(2)[GSTAN](2)x[STA]Q[STA](2)
PROK_CO2_ANHYDRASE_1;C[SA]DSR[LIVM]x[AP]
PROK_CO2_ANHYDRASE_2;[EQ][YF]A[LIVM]x(2)[LIVM]x(4)[LIVMF](3)xGHx(2)CG
PRION_2;Ex[ED]xK[LIVM](2)x[KR][LIVM](2)x[QE]MCx(2)QY
GLYCOSYL_HYDROL_F31_2;G[AVP][DT][LIVMTAS][CG]G[FY]x(3)[STP]x(3)L[CL]xRWx(2)[LVMI][GSA][SA][FY]xP[FY]xR[DNA]
PRO_ENDOPEP_SER;Dx(3)Ax(3)[LIVMFYW]x(14)GxSxGG[LIVMFYW](2)
RIBOSOMAL_L30E_1;[STA]x(5)Gx[QKRN]x(2)[LIVMQ][KRQT]x(2)[KR]x[GS]x(2)[KQ]x[LIVM](3)
PGM_PMM;[GSA][LIVMF]x[LIVM][ST][PGA]SH[NIC]P
LIPOXYGENASE_1;[HQ][EQ]x(3)Hx[LMA][NEQHRCS][GSTA]H[LIVMSTAC](2)xE
RIBOSOMAL_S17E;[IVDYPKS]x[ST]Kx[LIVMTF][RIKM]Nx[IV][SA]G[FY]x[TV][HKRA]
NA_DICARBOXYL_SYMP_1;Px(0,1)[GP][DES]x[LIVMF](2)x[LIVMA][LIVM][KREQS][LIVMG][LIVM][LIVMF]x[PS]
NA_DICARBOXYL_SYMP_2;PxGx[STA]x[NT][LIVMCP]D[GA][STANQF]x[LIVM][FY]x(2)[LIVM]x(2)[LIVM][FY][LIV][SA][QH]
SIGMA70_1;[DE][LIVMF](2)[HEQS]xGx[LIVMFA]GL[LIVMFYE]x[GSAM][LIVMAP]
SIGMA70_2;[STN]x(2)[DENQ][LIVMT][GAS]x(4)[LIVMF][PSTG]x(3)[LIVMA]x[NQR][LIVMA][EQH]x(3)[LIVMFWK]x(2)[LIVM]
SIGMA54_1;P[LIVM]x[LIVM]x(2)[LIVM]Ax(2)[LIVMFT]x(2)[HS]xST[LIVM]SR
SIGMA54_2;RRT[IV][ATN]KYR
GLYCOSYL_HYDROL_F2_1;Nx[LIVMFYWD]R[STACN](2)HYPx(4)[LIVMFYWS](2)x(3)[DN]x(2)G[LIVMFYW](4)
RASGEF;[VI]P[FYWVI]x[GPSV]x(2)[LIVMFYK]x[DNE][LIVM]x(13,35)[IVL]N[FYME]xK
FTHFS_1;[GN][LIVMS]KG[GST][AG][AST]G[GAS]G[YLHRKF]
FTHFS_2;V[ASV][TS][IVLA][RQ][AGS][LIM][KER]x[HN][GAS][GLKD]
POLYPRENYL_SYNTHASE_1;[LIVM](2)xDDx(2,4)Dx(4)RR[GH]
SRP1_TIP1;PWY[ST](2)RL
GERMIN;Gx(4)HxHPx[AGS]xE[LIVM]
AP_NUCLEASE_F1_1;[APF]D[LIVMF](2){T}[LIVM]QE{G}K
AP_NUCLEASE_F1_2;D[ST][FY][RP][KHQ]x(7,8)[FYWD][ST][FYW](2)
AP_NUCLEASE_F1_3;NxGxR[LIVM]D[LIVMFYH]x[LV]xS
AP_NUCLEASE_F2_1;H[GSAD]xY[LIF][LIMN]N[LIVMFCAP][AGC]
AP_NUCLEASE_F2_2;[GSARY][LIVMF][CT][LIVMFY]DTCH
AP_NUCLEASE_F2_3;[LIVMFW]HxN[DEG][SA]x(4)[GNAQ]x(3)DxH
RIBOSOMAL_S16;[LIVMT]x[LIVM][KR]L[STAK]R{E}G[AKR]
RIBOSOMAL_S26E;[YH]C[VI][SA]CAIH
THIOLASE_2;Nx(2)GGx[LIVM][SA]xGHPx[GAS]x[ST]G
ADOHCYASE_1;[GSAP][CS]Nx[FYLM]S[ST][QALKHD][DENG]x[AV][AVTS][ADERQ][ACSG][LIVMCG]
ADOHCYASE_2;[GA][KSR]x(3)[LIV]xG[FY]Gx[VC]G[KRL][GA]x(1,2)[ASC]
MAM_1;[GE]x[LIVMFY](2)x(3)[STA]x(10,11)[LV]x(4)[LIVMF]x(6,7)C[LIVM]xFx[LIVMFY]x(3)[GSC]
DH_1;[LM]x(2)[LIVMFYWGS][LI]x(2)[PEQ][LIVMRF]x(2)[LIVM]x[KRS]x(2)[LT]x[LIVM]x[DEQN][LIVM]x(3)[STM]
PEP_ENZYMES_2;[DEQSKN]x[LIVMF][SA][LIVMF]G[ST]ND[LIVM]xQ[LIVMFYGT][STALIV][LIVMFY][GAS]x(2)R
BETA_LACTAMASE_B_1;[LI]x[STN][HN]xH[GSTAD]Dx(2)G[GP]x(7,8)[GS]
BETA_LACTAMASE_B_2;Px(3)[LIVM](2)xGxC[LIVMF](2)K
RF_PROK_I;[ARH][STA]xGxGGQ[HNGCSY][VI]Nx(3)[ST][AKG][IV]
NIFH_FRXC_1;ExGGPx(2)[GA]xGC[AG]G
GLUTR;[HY][LIVMAF]x(2)[LIVM][GSTACIV][GSTAC][GSA][LIVMFA][DEQHY]Sx[LIVMAS][LIVMFKS][GFA][DE]x[EQRD][IV][LIVTQAM][TAGRKS]Q[LIVMF][KRE]
F_ACTIN_CAPPING_A_1;[VA]H[FY](2)[ER][DEC][GV]N[VL]
F_ACTIN_CAPPING_A_2;Kx[LM]RRxLP[IV][NT]R
TCP1_1;[RKEL][ST]x[LMFY]GPx[GSA]xxK[LIVMF](2)
TCP1_2;[LIVM][TS][NK][DN][GA][AVNHK][TAVC][LIVM](2)x(2)[LIVMA]x[LIVM]x[SNH][PQHA]
XPA_1;Cx[DE]Cx(3)[LIVMF]x(1,2)Dx(2)Lx(3)Fx(4)Cx(2)C
XPA_2;[LIVM](2)T[KR]TExKx[DE]Y[LIVMF](2)xDx[DE]
NA_NEUROTRAN_SYMP_2;[YF][LIVMFY]x(2)[SC][LIVMFY][STQV]x(2)[LVI]PWx(2)Cx(3,4)[NWDS][GSTERHAK]
SECY_1;[GSTL][LIVMFK][LIVMFCA]x[LIVMF][GSAN][LIVM]xP[LIVMFYN][LIVMFY]x[AS][GSTQD][LIVMFAT](3)[EQ][LIVMFA](2)
SECY_2;[LIVMFYW](2)x[DE]x[LIVM][STDNQ]x(2,3)[GK][LIVMF][GST][NST]Gx[GST][LIV][LIVFP]
PROK_SULFATE_BIND_2;NPK[ST]SGxAR
ARGE_DAPE_CPG2_1;[LIV][GALMY][LIVMF]{Q}[GSA]HxD[TV][STAV]
ARGE_DAPE_CPG2_2;[GSTAI][SANQCVIT]DxK[GSACN]x(1,2)[LIVMA]x(2)[LIVMFY]x(12,17)[LIVM]x[LIVMF][LIVMSTAGC][LIVMFA]x(2)[DNGM]EEx(0,1)[GSTNE]
SPASE_I_2;KR[LIVMSTA](2)[GA]x[PG]G[DEQ]x[LIVM]x[LIVMFY]
SPASE_I_3;[LIVMFYW](2){NLPA}{T}GD[NH]{PIEW}x(2)[SND]x(2)[SG]
WHEP_TRS_1;[QYR][GH][DNEAR]x[LIV][KR]x(2)Kx(2)[KRNG][AS]x(4)[LIV][DENKA]x(2)[IV]x(2)Lx(3)K
GLUTATHIONE_PEROXID_2;[LIV][AGD]FP[CS][NG]QF
ENDONUCLEASE_III_1;Cx(3)[KRSN]P[KRAGL]Cx(2)Cx(5)C
P_GLUCOSE_ISOMERASE_1;[DENSA]x[LIVM][GP]GR[FY][ST][LIVMFSTAP]x[GSTA][PSTACM][LIVMSA][GSAN]
THF_DHG_CYH_1;[EQLT]x[EQKDS][LIVM](2)x(2)[LIVM]x(2)[LIVMY]Nx[DNS]x(5)[LIVMF](3)Q[LM]P[LVI]
THF_DHG_CYH_2;P[GK]G[VI]GP[MFI]T[IVA]
TRANSTHYRETIN_1;[KH][IV]L[DN]x(3)GxP[AG]x(2)[LIVM]x[IV]
TRANSTHYRETIN_2;[YWF][TH][IVT][AP]x(2)[LIVM][STA][PQ][FYWG][GS][FY][QST]
AA_TRANSFER_CLASS_4;Ex[STAGCI]x(2)N[LIVMFAC][FY]x(6,12)[LIVMFA]xTx(6,8)[LIVM]x[GS][LIVM]x[KR]
BARWIN_1;CG[KR]CLxVxN
BARWIN_2;V[DN]Y[EQD]FV[DN]C
CHITINASE_19_1;Cx(4,5)FY[ST]x(3)[FY][LIVMF]xAx(3)[YF]x(2)F[GSA]
CHITINASE_19_2;[LIVM][GSA]Fx[STAG](2)[LIVMFY]W[FY]W[LIVM]
GLYCOSYL_HYDROL_F3;[LIVM](2)[KR]x[EQKRD]x(4)G[LIVMFTC][LIVT][LIVMF][ST]Dx(2)[SGADNIT]
GH11_1;[PSA][LQ]xE[YF]Y[LIVM](2)[DE]x[FYWHN]
GH11_2;[LIVMF]x(2)E[AG][YWG][QRFGS][SG][STAN]Gx[SAF]
HIS_ACID_PHOSPHAT_2;[LIVMF]x[LIVMFAG]{T}x[STAGI]HD[STANQ]{V}[LIVM]x(2)[LIVMFY]x(2)[STA]
GLYCO_HORMONE_ALPHA_1;CxGCC[FY]S[RQS]A[FY]PTP
GLYCO_HORMONE_ALPHA_2;NHTxCxCxTCx(2)HK
PEPCASE_1;[VTI]xTAHPT[EQ]x(2)R[KRHAQ]
TFIIB;G[KR]x(3)[STAGN]{S}[LIVMYA][GSTA](2)[CSAV][LIVM][LIVMFY][LIVMA][GSA][STAC]
RIBOSOMAL_L13;[LIVM][KRVLYFS][GKR]M[LIV][PST]x(4,5)[GSKR][NQEKRAH]x(5)[LIVM]x[AIVL][LFYV]x[GDNS]
RIBOSOMAL_L34;[KFQ][RGMP][TN][FYWL][EQSG]x(5)[KRHS]x(4,5)GFx(2)R
5_NUCLEOTIDASE_1;[LIVM]x[LIVM](2)[HEA][TI]xDxH[GSA]x[LIVMF]
5_NUCLEOTIDASE_2;[FYPH]x(4)[LIVM]GNHEF[DN]
CHORISMATE_SYNTHASE_1;G[DES]SH[GC]x(2)[LIVM][GTIVLAMS]x[LIVTM][LIVM][DEST][GH]x[PV]
CHORISMATE_SYNTHASE_2;[GE]x(2)S[AG]Rx[ST]x(3)[VT]x(2)[GA][STAVY][LIVMF]
CHORISMATE_SYNTHASE_3;R[SHF]D[PSV][CSAVT]x(4)[SGAIVM]x[IVGSTAPM][LIVM]xE[STAHNCG][LIVMA]
RECEPTOR_TYR_KIN_V_1;Fx[DN]x[GAW][GAS]C[LIVM][SA][LIVM](2)[SA][LV][KRHQ][LIVA]x(3)[KREQT]C[PSAWR]
RECEPTOR_TYR_KIN_V_2;Cx(2)[DE]G[DEQKRG]Wx(2,3)[PAQ][LIVMT][GT]xCxCx(2)G[HFY][EQ]
DHPS_1;[LIVM]x[AG][LIVMF](2)NxTx[DN]S[FLMI]xDx[SG]
DHPS_2;[GE][SAV]x[LIVM](2)D[LIVMF]G[GPA]x(2)[STA]xP
HPPK;[KRHD]x[GA][PSAE]Rx(2)D[LIV]D[LIVM](2)
INVOLUCRIN;<MS[QH]QxT[LV]PVT[LV]
1433_1;[RA]NL[LIV]S[VG][GA]Y[KN]N[IVA]
1433_2;YK[DE][SG]TLI[IML]QL[LF][RHC]DN[LF]T[LS]W[TANS][SAD]
ALDOKETO_REDUCTASE_1;G[FY]R[HSAL][LIVMF]D[STAGCL][AS]x(5)[EQ]x(2)[LIVMCA][GS]
GRANULINS;CxDx(2)HCCPx(4)C
PECTINESTERASE_1;[GSTNP]x(6)[FYVHR][IVN][KEP]xG[STIVKRQ]Y[DNQKRMV][EP]x(3)[LIMVA]
TRANSKETOLASE_1;Rx(3)[LIVMTA][DENQSTHKF]x(5,6)[GSN]GH[PLIVMF][GSTA]x(2)[LIMC][GS]
TRANSKETOLASE_2;[GP][DEQGSANPHVT][DN]G[PAEQ][ST][HQ]x[PAGM][LIVMYACNQS][DEFYWLA]x(2)[STAPG]x(2)[RGANQS]
CALRETICULIN_1;[KRHN]x[DEQN][DEQNK]x(3)CGG[AG][FY][LIVM][KN][LIVMFY](2)
CALRETICULIN_2;[LIVM](2)FGPDxC[AG]
CALRETICULIN_REPEAT;[IVM]x[DV]x[DENST]x(2)KP[DEH]DW[DEN]
ALDOLASE_CLASS_II_2;[LIVM]ExE[LIVM]Gx(2)[GM][GSTA]xE
ADP_GLC_PYROPHOSPH_1;[AG]GGxG[STKA]xLx(2)L[TA]x(3)[AST]xP[AS][LV]
ADP_GLC_PYROPHOSPH_2;W[FY]xG[ST][AS][DNSH][AS][LIVMFYW]
ADP_GLC_PYROPHOSPH_3;[APV][GS]MG[LIVMN]Y[IVC][LIVMFY]x(2)[DENPHKRQS]
OLEOSINS;[AG][ST]x(2)[AG]x(2)[LIVM][SAD][TIF]P[LIVMF](4)FSP[LIVM](3)PA
GLYCOSYL_HYDROL_F8;A[ST]D[AG]Dx(2)[IM]Ax[SA][LIVM][LIVMG]xAx(3)[FW]
IF4E;[DE][IFYL]x(2)F[KRL]x(2)[LIVM]xPxWE[DVA]x(5)GG[KR]W
ADX;Cx(2)[STAQ]x[STAMV]C[STA]TC[HR]
AIPM_HOMOCIT_SYNTH_1;LR[DE]GxQx(4){L}x(5)K
AIPM_HOMOCIT_SYNTH_2;[LIVMFW]x(2)HxH[DN]DxGx[GAS]x[GASLI]
EPO_TPO;Px(4)CDxR[LIVM](2)x[KR]x(14)C
DPS_1;H[FW]x[LIVM]xGx(5)[LV]Hx(3)[DE]
DPS_2;[LIVMFY][DH]x[LIVM][GA]ERx(3)[LIF][GDN]x(2)[PA]
GLUCOAMYLASE;[STN][GP]x(1,2)[DE]xWEEx(2)[GS]
CYTO_HEME_LYASE_1;HNx(2)NEx(2)W[NQKRS]x(4)WE
CYTO_HEME_LYASE_2;PFDRHDW
DEHYDRIN_2;[KR][LIM]K[DE]K[LIM]PG
EF1BD_1;[DEG](2)[DEK][DE][LIVMF]DLFG
EF1BD_2;[IV]QSxD[LIVM]xA[FWM][DNQS]K[LIVM]
MARCKS_1;GQENGHV[KR]
MARCKS_2;ETPK(5)x(0,1)FSFKKxFKLSGxSFK[KR][NS][KR]KE
RIBOSOMAL_L36;[CHDS]x(2)[CND]x(2)[LIVM]xRx(3)[LIVMNR]x[LIVM]x[CN]x(3,4)[KRSN][HLFR]x[QCAV]xQ
GREAB_1;[EKH][LHVI]x(9,10)[IVNLR]x(3)[LIV]x(6)GDx(2)EN[GSA]xY
GREAB_2;Sx(2)S[PK][LIVMF][AG]x[SAGNE][LIVM][LIVY]x(4)[DNG][DE]
RIBOSOMAL_L27;Gx[LIVM](2)xRQRGx(5)G
25A_SYNTH_1;GSx[AG][KRN]xTxL[KRN]x(3)[DE]x[DET][LM][VI]xF
25A_SYNTH_2;RP[VI]ILDPx[DE]PT
OMPTIN_1;WTDxSxHPxT
OMPTIN_2;AGYQE[ST]R[FYW]S[FYW][TN]AxGG[ST]Y
ALADH_PNT_1;[GA][LIVM][PKV]x(0,1)Ex(3)[NG]Ex(1,3)R[VT][AG]x[ST]Px[GSTVN][VA]x(2)[LI]x[KRHNGSED]xG
ALADH_PNT_2;[LIVM][LIVMF]G[GAV]Gx[AV][GA]x(2)[SA]x(3)[GA]x[SGR][LIVM][GN]AxVx(3)[DE]
INTERLEUKIN_4_13;[LI]xE[LIVM](2)x(4,5)[LIVM][TL]x(5,7)Cx(4)[IVA]x[DNS][LIVMA]
SUMT_1;[LIVM][GS][STAL]GPGx(3)[LIVMFY][LIVM]T[LIVM][KRHQG][AG]
SUMT_2;[VW]x(2)[LI]x(2)[GA][DT]x(3)[FYW][GS]x(8)[LIVFA]x(5,6)[LIVMFYWPAC]x[LIVMY]x[PN]G
XPG_1;[VILT][KREIT][PV]x[FYIL][VI][FW]DGx(2)[PILHSTF]x[LVCQMFAKS]K
XPG_2;[GSN][LIVM][PERD][FYSCV][LIVM]xAPxEA[DE][PAS][QSE][CLM]
DALA_DALA_LIGASE_1;H[GN]x(2)[GC]E[DNT]Gx[LIVMAFT][QSAPH][GSA]
DALA_DALA_LIGASE_2;[LIVAMSFT]x(3)[GAHDVSI]x[GSAIVCT]R[LIVMCAFST][DE][LIVMFAYGT][LIVMFAR]x(7,12)[LIVWCAF]x[EK][LIVAPMT]N[STPA]xP[GA]
CAP_GLY_1;[GD]x(0,10)[FYWA]x(0,1)G[LIVM]x(0,2)[LIVMFYD]x(0,7)G[KN][NHW]x(0,1)G[STARCV]x(0,2)[GD]x(0,2)[LY][FC]
HTH_ARSR_1;Cx(2)D[LIVM]x(6)[ST]x(4)S[HYR][HQ]
MCM_1;G[IVT][LVAC](2)[IVT]D[DE][FL][DNST]
COX5B_1;[LIVM](2)[FYW]x(10)Cx(2)CGx(2)[FY]KL
GLY_RADICAL_1;[STIV]xR[IVT][CSA]GY{GI}[GACV]
BETA_ELIM_LYASE;[YV]xDx(3)MS[GA]KKDx[LIVMF][LIVMAG]x[LIVM]GG
PROTEASOME_BETA_1;[LIVMACFT][GSA][LIVMF]x[FYLVGAC]x(2)[GSACFYI][LIVMSTACF][LIVMSTAC][LIVMFSTAC][GACI][GSTACV][DES]x(15,16)[RK]x(12,13)Gx(2)[GSTA]D
SPASE_II;[LIVM]x[GASF][GA][GAST][LIVMTF][GAS]N[LVMFGIA][LIVFYGT]D[RIK][LIVMFAC]
GUANYLATE_KINASE_1;[TS][ST]Rx(2)[KR]x(2)[DE]x(2)[GA]x(2)Yx[FY][LIVMKHRT]
PREPHENATE_DEHYDR_1;[FY]x[LIVM]x(2)[LIVM]x(5)[DN]x(5)TRF[LIVMW]x[LIVM]
PREPHENATE_DEHYDR_2;[LIVM][ST][KR][LIVMF]E[ST]RP
GTP_CYCLOHYDROL_1_1;[DENGQST][LIVMPF][LIVM]x(1,2)[KRNQELD][DENKGS][LIVM]x(3)[STG]xC[EP]HH
GTP_CYCLOHYDROL_1_2;[SA]x[RK]xQ[LIVMT]QE[RNAK][LIM][TSNV]
GALANIN;GWTLNSAGYLLGP
OX2_COVAL_FAD;Px(7){L}x(2)[DE][LIVM]x(3)[LIVM]x(9,12)[LIVM]x(3)[GSA][GSTCHRQ]GH
CALSEQUESTRIN_1;[EQ][DE]GL[DN]FPxYDGxDRV
CALSEQUESTRIN_2;[DE]LEDW[LIVM]EDVLxGx[LIVM]NTEDDD
UBIQUITIN_ACTIVAT_2;P[LIVMG]CT[LIVM][KRHA]x[FTNM]P
CPSASE_1;[FYV][PS][LIVMC][LIVMA][LIVM][KR][PSA][STA]x(3)[SG]Gx[AG]
CPSASE_2;[LIVMF][LIMN]E[LIVMCA]N[PATLIVM][KR][LIVMSTAC]
CYS_MET_METAB_PP;[DQ][LIVMFY]x(3)[STAGCN][STAGCIL]TK[FYWQI][LIVMF]xG[HQD][SGNH]
RENAL_DIPEPTIDASE_1;[LIVM]EG[GA]x(2)[LIVMF]x(6)Lx(3)Yx(2)G[LIVM]R
CLPAB_1;[DA][AI][SGA][NQS][LIVMF](2)K[PT]x[LM]x(2)G
CLPAB_2;[RGT][LIVMFY][DN]x[ST]E[LIVMFY]x[ED][KRQEAS]x[STA]x[STAD][KRS][LIVM]xG[STAP]
NA_GALACTOSIDE_SYMP;[DG]x(3)Gx(3)[DN]x(6,8)[GA][KRHQ][FSAR][KRL][PT][FYW][LIVMWQ][LIV]x(0,1)[GAFV][GSTA]
NA_ALANINE_SYMP;GGx[GA](2)[LIVM]FWMW[LIVM]x[STAV][LIVMFA](2)G
T2SP_F;[KRQ][LIVMAW]x(2)[SAIV][LIVM]x[TY]Px(2)[LIVM]x(3)[STAGV]x(6)[LMY]x(3)[LIVMF](2)P
T2SP_D;[GRH][DEQKG][STVM][LIVMA](3)[GA]G[LIVMFY]x(11)[LIVM]P[LIVMFYWGS][LIVMF][GSAE]x[LIVMS]P[LIVMFYW][LIVMFYWS]x(2,3)[LV][FK]
IDO_1;GGS[AN][GA]QSSx(2)Q
IDO_2;[FY]L[DQ][DE][LIVM]x(2)YMx(3)H[KR]
ODR_DC_2_1;[FY][PA]xK[SACV][NHCLFW]x(4)[LIVMF][LIVMTA]x(2)[LIVMA]x(3)[GTE]
ODR_DC_2_2;[GSA]x(2,6)[LIVMSCP]x{N}[LIVMF][DNS][LIVMCA]GGG[LIVMFY][GSTPCEQ]
ACB_1;[PTLV][GSTA]x[DENQA]x[LMFK]x(2)[LIVMFY][YV][GSA]x[FYH]KQ[GSAV][STL]xG
NI_HGENASE_CYTB_1;R[LIVMFYW]xHW[LIVM]x(2)[LIVMF][STAC][LIVM]x(2)Lx[LIVM]TG
NI_HGENASE_CYTB_2;[RH][STA][LIVMFYW]H[RH][LIVM]x(2)Wx[LIVMF]x(2)Fx(3)H
OSTEOPONTIN;[KQ]x[TA]x(2)[GA]SSEEK
EPSP_SYNTHASE_2;[KR]x[KH]E[CSTVI][DNE]R[LIVMY]x[GSTAVLD][LIVMCTF]x(3)[LIVMFA]x(2)[LIVMFCGANY]G
ILVD_EDD_1;CDKx(2)P[GA]x(3)[GA]
ILVD_EDD_2;[SGALC][LIMF][LIVMF]TD[GA]R[LIVMFY]S[GA][GAV][ST]
CNMP_BINDING_1;[LIVM][VIC]x{H}G[DENQTA]x[GAC]{L}x[LIVMFY](4)x(2)G
CNMP_BINDING_2;[LIVMF]GEx[GAS][LIVM]x(5,11)R[STAQ]Ax[LIVMA]x[STACV]
HIT_1;[NQAR]x(4)[GSAVY]x[QFLPA]x[LIVMY]x[HWYRQ][LIVMFYST]H[LIVMFT]H[LIVMF][LIVMFPT][PSGAWN]
NUDIX_BOX;Gx(5)Ex(4)[TAGCV][LIVMACF]xR[EL][LIVMFGSTA]x[EA]Ex[GNDTHR]
HTH_DEOR_1;R{G}x(2)[LIVM]x(3)[LIVM]x(16,17)[STA]x(2)T[LIVMA][RH][KRNAQ]D[LIVMF]
3_HYDROXYISOBUT_DH;[LIVMFY](2)GLGx[MQ]Gx(2)[MA][SAV]x[SNHR]
LACY_1;G[LIVM](2)xD[RK]LGL[RK](2)x[LIVM](2)W
LACY_2;Px[LIVMF](2)NR[LIVM]GxKN[STA][LIVM](3)
EPENDYMIN_1;[DE][SQLM][KAH][NT][QEK][SQ]C[SRKH]x[EQKM][STM]L
EPENDYMIN_2;Fx[PL]P[STA][FYT]C[DEQ][GAMI][LVMA]x[TLF][DE][DEK]
RNA_POL_PHAGE_1;P[LIVM]x(2)D[GA][ST][AC][SN][GA][LIVMFY]Q
CYS_SYNTHASE;KxEx(3,4)[PAF][STAGC]xS[IVAPM]KxRx[STAG]x(2)[LIVM]
GLUTAMATE_5_KINASE;[GSTNAD]x(2)[GAS]xG[GC][IM]x[STAG]K[LIVMCT]x[SAI][TCAGFS]x(2)[GALVCMI]
CYT_DCMP_DEAMINASES_1;[CH][AGV]Ex(2)[LIVMFGAT][LIVM]x(17,33)PCx(2,8)Cx(3)[LIVM]
GTP1_OBG;D[LIVMA]PG[LIVM](2)[DEYPKQV][GN]Ax(2)GxG
UROD_1;[SP][IVCLAM]W[LIVMFYC][LM]R[QR][AVS]GR
UROD_2;[LIMF][GAVS]F[STAGCV][STAGC]x[PA][FWYV]T[LIVM]x(2)Yx(2,3)[ADE][GK]
MR_MLE_1;[AT]x[SAGCN][SAGC][LIVM][DEQ]xA[LA]x[DE][LIA]x[GA][KRQ]x(4)[PSA][LIV]x(2)L[LIVMF]G
MR_MLE_2;[LIVF]x(2)Dx[NH]x(7)[ACL]x(6)[LIVMF]x(7)[LIVM]E[DENQ]P
UPF0029;Gx(2)[LIVM](2)x(2)[LIVM]x(4)[LIVM]x(5)[LIVM](2)xR[FYW](2)GGx(2)[LIVM]G
DHODEHASE_1;[GSA]x(4)[GK][GSTA][LIVFSTA][GST]x(3)[NQRK]xG[NHY]x(2)P[RTV]
DHODEHASE_2;[LIVM](2)[GSA]xGG[IV]x[STGDN]x(3)[ACV]x(2){A}{R}x{L}GA
ADH_IRON_1;[STALIV][LIVF]x[DE]x(6,7)Px(4)[ALIV]x[GST]x(2)D[TAIVM][LIVMF]x(4)E
SYNTAXIN;[RQLKA]x(3)[LIVMAW]x(2)[LIVM][ESHLKAGQV]x(2)[LIVMT]x[DEVMNRAST][LIVMT]x(2)[LIVMQ][FSAQGVM]x(2)[LIVMF]x(3)[LIVT]x(2)Q[GADEQVST]x(2)[LIVMA][DNQTEI]x[LIVMF][DESVHAG]x(2,3)[LIVM]
PI3_4_KINASE_1;[LIVMFAC]Kx(1,3)[DEA][DE][LIVMCP]RQ[DE]x(4)Q
PI3_4_KINASE_2;[GSET]x[AVE]x(3)[LIVM]x(2)[FYHW][LIVM](2)x[LIVMFN]xDR[HNG]x(2)N
ASN_GLN_ASE_2;[GA]x[LIVM]x(2)HGTDT[LIVM]
DNASE_I_2;GDFNAxC[SAK]
DNASE_I_1;[LIVM](2)[AP][LQ]H[STA][STAE]Px(5)E[LIVM][DN]xLx[DE]V
NITRIL_CHT_1;Gx(2)[LIVMFY](2)x[IF]xEx(2)[LIVM]xGYP
NITRIL_CHT_2;G[GAQ]x(2)C[WA]E[NH]x(2)[PST][LIVMFYS]x[KR]
TRANSGLYCOSYLASE;[LIVM]x(3)ESx(3)[AP]x(3)Sx(5)G[LIVM][LIVMFYW]x[LIVMFYW]x(4)[SAG]
ASP_GLU_RACEMASE_1;[IVA][LIVM]xCx(0,1)N[ST][MSA][STH][LIVFYSTANK]
ASP_GLU_RACEMASE_2;[LIVM](2)x[AG]CT[DEH][LIVMFY][PNGRS]x[LIVM]
OLEEI;[EQT]GxVYCD[TNP]CR
LYSYL_OXIDASE;WxWHxCHxH[YN]HS[MI][DE]
TREHALASE_1;PGGRFxExYxWDxY
TREHALASE_2;QWDxPx[GAV]W[PAS]P
PIR_REPEAT_1;SQ[IV][STGNH]DGQ[LIV]Q[AIV][STA]
RDS_ROM1;D[GS]VPF[ST]CCNPxSPRPC
CUTINASE_2;Cx(3)Dx[IV]CxG[GST]x(2)[LIVM]x(2,3)H
MOLYBDOPTERIN_PROK_3;Ax(3)[GDTN][IF]x[DNQTKEH]x[DEAQ]x[LIVM]x[LIVMC]x[NS]x(2)[GS]x(4,5)[AV]x[LIVMEF][STY]
FGGY_KINASES_1;[MFYGS]x[PST]x(2)K[LIVMFYW]{G}W[LIVMF]{E}[DENQTKR][ENQH]
GLYOXALASE_I_1;[HQ][IVT]x[LIVFY]x[IV]x(4){E}[STA]x(2)F[YM]x(2,3)[LMF]G[LMF]
GLYOXALASE_I_2;G[NTKQ]x(0,5)[GA][LVFY][GH]H[IVF][CGA]x[STAGLE]x(2)[DNC]
RIBOSOMAL_L35;K[STNV]{F}x[GSAM][SAILV]x[KRA]R[IVFY]x(14,16)[GSANQKR]H
RIBOSOMAL_L20;Kx(3)[KRCV]x[LIVM]W[IVN][STNALVQCMI][RH][LIVM][NS]x(3)[RKHSG]
IF3;[KR][LIVM](2)[DN][FY][GSTN][KR][LIVMFYS]x[FY][DEQTAHI]x(2)[KRQ]
RIBOSOMAL_L1E;[NP]x(3)[KRM]x(2)A[LIVTK]x[SA][AC][LIV]x[ALCM][STL][SGAKTI]x(7)[RK][GS]H
GAMMA_THIONIN;[KRGAQS]xCx(3)[SVA]x(2)[FYWH]x(1,2)[GF]xCx(5)Cx(3)C
CARBOXYLESTERASE_B_2;[EDA][DG]CL[YTF][LIVT][DNS][LIV][LIVFYW]x[PQR]
GLPT;[QEK][RF]Gx(3)[GSA][LIVF][WL][NS]x[SA][HM]N[LIV][GA]G
UBIA;Nx(3)[DEH]x(2)[LIMFYT]Dx(2)[VM]xR[ST]x(2)Rx(4)[GYNKR]
CKS_1;YSx[KR]Yx[DE](2)x[FY]EYRHVx[LV][PT][KRP]
CKS_2;HxPExH[IV]LLF[KR]
CATHELICIDINS_1;Yx[ED]xVx[RQ]A[LIVMA][DQG]x[LIVMFY]N[EQ]
CATHELICIDINS_2;Fx[LIVM]KETxCx(10)CxF[KR][KE]
RIBOSOMAL_S7E;[KRAI]LxRELEKKF[SAPQG]x[KRN][HED]
AUTOINDUCER_SYNTH_1;[LMFYA]Rx(3)Fx(2)[KRQ]x(2)Wx[LIVM]x(6,9)ExDx[FY]D
BACTERIAL_OPSIN_1;RYx[DT]Wx[LIVMF][ST][TV]P[LIVM][LIVMNQ][LIVM]
ER_LUMEN_RECEPTOR_1;G[LIV]Sx[KR]x[QH]xL[FY]x[LIV](2)[FYW]x(2)RY
ER_LUMEN_RECEPTOR_2;LE[SA]VAI[LM]PQ[LI]
GLYCOSYL_HYDROL_F25_1;D[LIVM]x(3)[NQ][PGE]x(9,15)[GR]x(4)[LIVMFY](2)Kx[ST]E[GS]x(2)[FYL]x[DN]
IGP_DEHYDRATASE_1;[LIVMY][DE]xHHx(2)Ex(2)[GCA][LIVM][STAVCL][LIVMF]
IGP_DEHYDRATASE_2;[GW]x[DNIE]xHHx(2)E[STAGC]x[VMFYHS]K
HYDROPHOBIN;[GN][DNQPSA]xC[GSTANK][GSTADNQ][STNQI][PTIV]xCC[DENQKPST]
NAD_G3PDH;[GSA][ATIVS][LIVMYCAFST]K[DN][LIVMA][LIVMFYT][GA]x[GACKMSIFT]xG[ALIVMF]x(2)[SGAQ][LIVMYERAKQFS]x(0,1)[TLIVMFYWAQ][ETGAS]x(0,1)[NDVS]
TRANSALDOLASE_2;[LIVMA]x[LIVM]K[LIVM][PAS]x[STC]x[DENQPAS][GC][LIVM]x[AGV]x(0,1)[QEKRSTH]x[LIVMF]
HISTONE_H3_2;PFx[RA]L[VA][KRQ][DEG][IV]
BTG_1;Yx(2)[HP]W[FYH][APS][DE]xPxKGx[GA][FY]RC[IV][RH][IV]
RIBOSOMAL_S28E;E[ST][EA]REA[RK]x[LI]
RIBOSOMAL_S2_1;[LIVMFA]x{GPRV}[LIVMFYC](2){LPC}[STAC][GSTANQEKR][STALV][HY][LIVMF]G
RIBOSOMAL_S2_2;Px(2)[LIVMF](2)[LIVMS]x[GDN]x(3)[DENL]x(3)[LIVM]xEx(4)[GNQKRH][LIVM][AP]
SYNDECAN;[FY]R[IM][KR]K(2)DEGSY
PMI_I_1;YxDxNHKPE
PMI_I_2;HAY[LIVM]xGx(2)[LIVM]ExMAxSDNx[LIVM]RAGxTPK
NMU;F[LIVMF]FRPRN
ANTENNA_COMP_ALPHA;[LIVFAG]x[GASV][LIVFA]x[IV]Hx(3)[LIVM][GSTAE][STANH]x(1,3)[STN]W[LIVMFYW]
ANTENNA_COMP_BETA;[EQ]x(4)[HGQ]x(5)[GSTA]x(3)[FYV]x(3)[AG]x(2)[AV]Hx(7)P
TP2_1;Hx(3)HS[NS]SxPQ[SG]
TP2_2;KxRKx(2)EGKx(2)K[KR]K
USP_1;G[LIVMFY]x(1,3)[AGCY][NASMQG]xC[FYWC][LIVMFCA][NSTAD][SACV]x[LIVMSF][QF]
USP_2;[YMF]x[LK]x[SAGNC][LIVMFT]x(2)HxGx(4,6)GH[YF]
MANNITOL_DHGENASE;[LIVMY]x[FS]x(2)[STAGCV]xVDR[IV]x[PS]
NMT_1;[DEK][IV]N[FS]LCxHK
NMT_2;KFGxGDG
FAD_G3PDH_1;[IV]GGGx(2)G[STACV]Gx[AT]x[DQ]x(3)[RAS]G
FAD_G3PDH_2;GGKx(2)[GSTE]YRx(2)A
G_PROTEIN_RECEP_F3_1;[LV]xN[LIVM](2)xLFxI[PA]Q[LIVM][STA]x[STA](3)[STAN]
G_PROTEIN_RECEP_F3_2;CC[FYW]xCx(2)Cx(4)[FYW]x(2,5)[DNE]x(2)[STAHENRI]Cx(2)C
G_PROTEIN_RECEP_F3_3;[FLY]N[ED][STA]Kx[IV][STAG][FM][ST][MVL]
PHYTOENE_DH;[NG]x[FYWV][LIVMF]xG[AGC][GS][TA][HQT]PG[STAV]G[LIVM]x(5)[GS]
LY6_UPAR;[EQR]C[LIVMFYAH]xCx(5,8)Cx(3,8)[EDNQSTV]C{C}x(5)Cx(12,24)C
UROTENSIN_II;CFWKYC
SPERMADHESIN_1;CGx(2)[LIY]x(4)GxIx(9)CxWT
SPERMADHESIN_2;CxKEx[LIVM]E[LIVM]x[DE]x(3)[GSE]x(5)KxC
PTPS_1;CNNx(2)GHGHNY
PTPS_2;DHKNLDxD
CLAT_ADAPTOR_S;[LIVMC][LIVM]Y[KR]x(4)LYF
CLAT_ADAPTOR_M_1;[IVT][GSP]WRx(2,3)[GAD]x(2)[HY]x(2)Nx[LIVMAFY](3)D[LIVM][LIVMT]E
CLAT_ADAPTOR_M_2;[LIV]x[FL][IQ]PPxGx[LIVMFY]x[LV]x(2)Y
SAA;ARGNY[ED]Ax[QKR]RGxGGxWA
RIBOSOMAL_L30E_2;[DE][LM]G[STALPD]x(2)[GK][KR]x(6)[LIVM]x[LIVM]x[DEN]x[GI]
FHIPEP;R[LIVM][GSAT]EV[GSAR]ARF[STAIV]LD[GSA][LM]PGKQM[GSA]ID[GSA][DAE]
TCP1_3;Q[DEK]xx[LIVMGTA][GA]DGT
RIBOSOMAL_S21E;[LV]Y[IVC]PRKCS[SAT]
G10_1;LCCx[KR]Cx(4)[DE]xNx(4)CxCRVP
G10_2;CxHCGC[KRH]GC[SA]
SSI;CxPx(2,3)Gx(0,1)H[PA]x(4)AC[ATDE]xL
SDH_CYT_1;RP[LIVMT]x(3)[LIVM]x(6)[LIVMWPK]x(4)Sx(2)HRx[ST]
SDH_CYT_2;Hx(3)[GA][LIVMT]R[HF][LIVMF]x[FYWM]Dx[GVA]
TCTP_1;[IFAED][GA][GASF]N[PAK]S[GTA]E[GDEVCF][PAGEQV][DEQGAV]
TCTP_2;[FLIV]x(4)[FLVH][FY][MIVCT]GEx(4,7)[DENP][GAST]x[LIVM][GAVI]x(3)[FYWQ]
MYELIN_PLP_2;Cx[ST]x[DE]x(3)[ST][FY]xL[FY]Ix(4)GA
FORMATE_NITRITE_TP_1;[LIVMA][LIVMY]xG[GSTA][DES]L[FI][TN][GS]
FORMATE_NITRITE_TP_2;[GA]x(2)[CA]N[LIVMFYW](2)VC[LV]A
TRANSPOSASE_MUTATOR;Dx(3)G[LIVMF]x(6)[STAV][LIVMFYW][PT]x[STAV]x(2)[QR]xCx(2)H
DNAA;[IL][GA]x(2)[LIVMF][SGADENK]x(0,1)[KR]xH[STPA][STAV][LIVM]x(2)[SGAMN]x(3)[LIVM]
CRISP_1;[GDER][HR][FYWH][TVS][QA][LIVM][LIVMA]Wx(2)[STN]
CRISP_2;[LIVMFYH][LIVMFY]xC[NQRHS]Yx[PARH]x[GL]N[LIVMFYWDN]
FOLYLPOLYGLU_SYNT_1;[LIVMFY]x[LIVM][STAG]GT[NK]GKx[STG]x(4){A}x{EAD}[LIVM](2)x(3,4)[GSKQT]
FOLYLPOLYGLU_SYNT_2;[LIVMFY](2)[EK]xG[LIVM][GA]Gx(2)Dx[GST]x[LIVM](2)
OSBP;E[KQ]x[SC]H[HR][PG][PL]x(1,2)[STACFI][ACGY]
NUSG;[LIVM]FG[KRW]xTP[IV]x[LIVM]
RIBOSOMAL_L19;[LIVMF]x[KRGTIEQSN]x[GSAIYN][KRQDAVLSIH][VGAIT][RSNAK]x(0,1)[KRAQ][SAKG][KYR][KLI][LYSFT][YF][LIM][RK]
GLYCOPROTEASE;[KRC][GSAT]x(4)[FYWLMH][DQNGKRH]xPx[LIVMFY]x(3)Hx(2)[GSA]H[LIVMFA]
STEROL_REDUCT_1;Gx(2)[LIVMF][IFYH][DN]x[FYWM]xGx(2)[LF][NY]P[RQ]
STEROL_REDUCT_2;[LIVM](2)[LIVMFT][HWD]Rx(2)RDx(3)Cx(2)KY[GK]x(2)[FW]x(2)Y
COPROGEN_OXIDASE;Kx[WQA][CA]x(2)[FYH](2)x[LIVM]x[HY]RxExRG[LIVMT]GG[LIVM]F[FY]D
PTR2_1;[GA][GAS][LIVMFYWA][LIVM][GAS]Dx[LIVMFYWT][LIVMFYW]Gx(3)[TAV][IV]x(3)[GSTAV]x[LIVMF]x(3)[GA]
PTR2_2;[FYT]x(2)[LMFY][FYV][LIVMFYWA]x[IVG]N[LIVMAG]G[GSA][LIMF]
PR55_1;EFDYLKSLEIEEKIN
PR55_2;[NH][AG]H[TAD]YHINSIS[LIVMN][NS]SD
PHOTOSYSTEM_I_PSAGK;[GTND][FPMI]x[LIVMH]x[DEAT]x(2)[GA]x[GTAM][STA]xGHx[LIVM][GAS]
GLYCOSYL_HYDROL_F39;WxFExWNEP[DN]
DEHYDROQUINASE_I;D[LIVM][DE][LIVMN]x(18,20)[LIVM](2)x[SC][NHY]H[DN]
DEHYDROQUINASE_II;[LIVM][NQHS]GPN[LVI]x(2)[LT]GxR[QED]x(3)[FY]G
RNA_POL_M_15KD;[FY]Cx[DEKSTG]C[GNK][DNSA][LIVMHG][LIVM]x(8,14)Cx(1,2)C
PPM_1;[LIVMFY][LIVMFYA][GSAC][LIVM][FYC]DGH[GAV]
GH16_1;E[LIV]D[LIVF]x(0,1)Ex(2)[GQ][KRNF]x[PSTA]
PTS_EIIB_TYPE_1_CYS;N[LIVMFY]x(5)CxTR[LIVMF]x[LIVMF]x[LIVM]x[DQEN]
HSP70_3;[LIVMY]x[LIVMF]xGGx[ST]{LS}[LIVM]Px[LIVM]x[DEQKRSTA]
SBP_BACTERIAL_1;[GAP][LIVMFA][STAVDN]x{H}x(2)[GSAV][LIVMFY](2)Y[ND]x(3)[LIVMF]x[KNDE]
SBP_BACTERIAL_3;G[FYIL][DE][LIVMT][DE][LIVMF]{PS}{YG}x[LIVMA][VAGC]{TPRG}{GL}[LIVMAGN]
SBP_BACTERIAL_5;[AG]x(6,7)[DNEG]x(2)[STAIVE][LIVMFYWA]x[LIVMFY]x[LIVM][KR][KRHDE][GDN][LIVMA][KNGSP][FW]
STATHMIN_2;AE[KR]REHE[KR]EV
HOMOSER_DHGENASE;Ax(3)G[LIVMFY][STAG]x(2,3)[DNS]Px(2)D[LIVM]xGxDx(3)K
TRANSPOSASE_IS30;RGx(2)ENxNG[LIVM](2)R[QE][LIVMFY](2)PK
SQUALEN_PHYTOEN_SYN_1;Y[CSAM]x(2)[VSG]A[GSA][LIVAT][IV]Gx(2)[LMSC]x(2)[LIV]
SQUALEN_PHYTOEN_SYN_2;[LIVM]Gx(3)Qx(2,3)[ND][IFL]x[RE]D[LIVMFY]x(2)[DE]x(4,7)Rx[FY]xP
LON_SER;DG[PD]SA[GS][LIVMCA][TA][LIVM]
HMA_1;[LIVNS]x{L}[LIVMFA]xCx[STAGCDNH]Cx(3)[LIVFG]{LV}x(2)[LIV]x(9,11)[IVA]x[LVFYS]
RIBOSOMAL_S6;Gx[KRC][DENQRH]L[SA]YxI[KRNSA]
YJEF_C_1;[SAV][IVW][LVA][LIV]G[PNS]GL[GP]x[DENQT]
YJEF_C_2;[GA]GxGD[TV][LT][STA]Gx[LIVM]
CALPONIN_1;[LIVM]x[LS]Q[MASY]G[STY][NT][KRQ]x(2)[STN]QxGx(3,4)G
ARGINASE_1;[ST][LIVMFY]D[LIVM]Dx(3)[PAQ]x(3)P[GSA]x(7)G
TRANSALDOLASE_1;[DGH][IVSAC]T[ST]NP[STA][LIVMF](2)
DNA_LIGASE_N1;K[LIVMF]DG[LIVMAS][SAG]x(4)Yx(2)[GRD]x[LF]x(4)[ST]RG[DN]Gx(2)G[DE][DENL]
DNA_LIGASE_N2;[IV]G[KR][ST]Gx[LIVM][STNK]x[VTLYF]x(2)[LVMF]x[PS][IV]
SAICAR_SYNTHETASE_1;[LIVMRPA][LIVFY][PLNRKG][LIVMF]Ex[IV][LVCATI]Rx(3)[TAEYSI]G[ST]
SAICAR_SYNTHETASE_2;[LI][IVCAP]DxK[LIFY]E[FI]G
FLIP_1;[PA][AS][FY]x[LIVT][STH][EQ][LI]x(2)[GA]F[KREQ][IM][GV][LIF]
FLIP_2;P[LIVMF]K[LIVMF](5)x[LIVMA][DNGS]GW
HMG_COA_LYASE;SVAGLGGCPY
SIGMA70_ECF;[STAIV][PQDEL][DE][LIV][LIVTA]Qx[STAV][LIVMFYC][LIVMAK]x[GSTAIV][LIMFYWQ]x(12,14)[STAP][FYW][LIF]x(2)[IV]
PYRIDOX_OXIDASE;[LIVFMYWA]EFW[QHGENRAMVYLCF]x(4)[RW][LIVMK][HN][DNESIT]R
ETF_BETA;[IVAG]x[KR]x(2)[DE][GDE](2)x(1,2)[EQHF]x[LIV]x(4)Px[LIVM](2)[TACS]
UPP_SYNTHASE;[DEH][LIVMF][LIVMFC][LIVMF]R[STPV][SGAC][GEN]x(1,2)RxSx[FY][LMFV][LIPMVT][YWL]
SECE_SEC61G;[LIVMFY]x{D}[DENQGA]x{E}x(2)[LIVMFTA]x[KRV]x(2)[KW]Px(3)[SEQ]x(5){D}{CG}[LIVT][LIVGA][LIVFGAST]
OMPA_1;[LIVMA]x[GT]x[TA][DAN]x(2,3)[DG][GSTPNKQ]x(2)[LFYDEPAVI][NQS]x(2)[LI][SG][QEA][KRQENAD]RAx(2)[LVAIT]x(3)[LIVMF]x(4,5)[LIVMF]x(4)[LIVM]x(3)[SGW]xG
DAGK_PROKAR;Ex[LIVM]N[ST][SA][LIV]Ex(2)VD
NUCLEASE_NON_SPEC;DRGH[QLIM]x(3)[AG]
GRPE;[FYLV][DNST][PHEAYVS]x(2)[HMACNQ]x[ALV][LIVMTNSF]x(16,21)[GYP][FY]x(3,4)[DENGKS]x(2,3)[LIV][KRIV]x[STAG]xVx(0,1)[IV]
RIBOSOMAL_L24E;[FY]x[GSHE]x(2)[IVLF]xP[GA]xGx(2)[FYV]x[KRHE]xD
TERPENE_SYNTHASES;[DE]GSWx[GE]xW[GA][LIVM]x[FY]xY[GA]
ACETATE_KINASE_1;[LIVMFANT][LIVM]x[LIVMA]NxGS[ST](2)x[KE]
ACETATE_KINASE_2;[LIVMFATQ][LIVMA]x(2)HxGx[GT]x[ST][LIVMA]x[TAVC]x(3)G
RIBOSOMAL_L37E;GTx[SAVTP]xGx[KRHIM]x(4,5)Hx(2)CxRCG
MOCF_BIOSYNTHESIS_1;[LIVMCA][LIVM](2)[LITF][LITN]GGTGx(4)D
MOCF_BIOSYNTHESIS_2;Sx[GS]x(2)Dx(5)[LIVW]x(10,12)[LIV]x(2)[KR]PG[KRL]Px(2)[LIVMF][GA]
BH1;[LVMENQ][FTLS]x[GSDECQ][GLPCKH]x(1,2)[NST][YW]G[RK][LIV][LIVC][GAT][LIVMF](2)xF[GSAEC][GSARY]
HTH_TETR_1;[GS][LIVMFYSP]x(2,3)[TS][LIVMTA]x(2)[LIVM]x(5)[LIVQSA][STAGENQH]x[GPART]x[LIVMFA][FYSTNRH]x[HFYRA][FVW]x[DNSTKAG][KQMT]x(2,3)[LIVM]
RIBOSOMAL_L7AE;[CAS]x(4)[IVA]P[FY]x(2)[LIVM]x[GSQNK][KRQ]x(2)LG
DNA_PHOTOLYASES_2_1;FxEEx[LIVM](2)RRELx(2)NF
DNA_PHOTOLYASES_2_2;GxHDx(2)WxERx[LIVM]FGK[LIVM]R[FY]MN
RIBUL_P_3_EPIMER_1;[LIVMF]H[LIVMFY]D[LIVM]xDx(1,2)[FY][LIVM]xNx[STAV]
RIBUL_P_3_EPIMER_2;[LIVMA]x[LIVM]M[ST][VS]xPx(3)[GN]Qx(0,1)[FMK]x(6)[NKR][LIVMC]
RADICAL_ACTIVATING;[GVPS]x[GKS]x[KRS]x(3)[FL]x(2)Gx(0,1)Cx(3)Cx(2)Cx[NLF]
CAP_1;[LIVM](2)xRL[DE]x(4)RLE
CAP_2;D[LIVMFY]xEx[PA]xPEQ[LIVMFY]K
TATD_2;P[LIVM]x[LIVM]HxRx[TA]x[DE]
TATD_3;[LVSAT][LIVA]x(2)[LIVMT][PSD]x(3)[LI][LIVMT][LIVMST]ETDxP
ADENYLATE_CYCLASE_1_1;EYFG[SA](2)LWxLYK
ADENYLATE_CYCLASE_1_2;YRNxW[NS]E[LIVM]RTLHFxG
UPF0076;[PA][ASTPV]R[SACVF]x[LIVMFY]x(2)[GSAKR]x[LMVA]x(5,8)[LIVM]E[MI]
GH18_1;[LIVMFY][DN]G[LIVMF][DN][LIVMF][DN]xE
PPIC_PPIASE_1;F[GSADEI]x[LVAQ]Ax(3)[ST]x(3,4)[STQ]x(3,5)[GER]Gx[LIVM][GS]
HUPF_HYPC;<MC[LIV][GA][LIV]Px[QKR][LIV]
LIPASE_GDSL_SER;[LIVMFYAG](4)GDS[LIVM]x(1,2)[TAG]G
COMPLEX1_24K;[DKG]x(2)[FLV][STKD]x(5)C[LMNQ][GA]xCx(2)[GA]P
NNMT_PNMT_TEMT;LIDIGSGPT[IV]YQ[LV]L[SA]AC
CK2_BETA;CPx[LIVMYAT]xCx(5)[LI]P[LIVMCA]Gx(9)V[KRM]x(2)C[PA]xC
ZF_DKSA_1;C[DESN]x[CTS]x(3)Ix(3)[RK]x(4)Px(4)[CSLAT]x(2)[CAYF]
ASD;[LIVM][SADN]x(2)CxR[LIVM]x(4)[GSC]H[STA]
RIBOSOMAL_L13E;[KR]xG[KR]GF[ST][LVF]xE[LVI]x(3)G
RIBOSOMAL_L35AE;G[KT][LIVM]x[RD]xHGx(2)GxVx[AVS]xFx(3)[LI]P
RIBOSOMAL_L18E;[KREWDI]xLx(2)[PSRG][KRS]x(2)[RHY][PSA]x[LIVM][NSA][LIVM]x[RK][LIVM]
RIBOSOMAL_L27E;GK[NS]xWFFx(2)L[RH]F>
RIBOSOMAL_L24;[GDEN]Dx[IV]x[IV][LIVMA]xGx(2)[KRA][GNQK]x(2,3)[GA]x[IV]
RIBOSOMAL_L10;[KNQ]x(2){K}x(3){A}{L}x(9)[LIVMFY]x(2)[DENHR]x(2)[GS][LIVMF][STDNQC][VTA]x[DENQKHPSA][LIVMSAD]x(2)[LIMF][KR]
RNA_POL_H_23KD;H[NQEIVMYD][LIVMYAS]VP[EKT]Hx(2)[LIVM]x(2)[DESAG][ET]
RNA_POL_K_14KD;[ST]x[FY]Ex[AT]Rx[LIVM][GSA]xR[SA]xQ
RNA_POL_N_8KD;[LIVMFD][LIVMFP]P[LIVM]xC[FL][ST]CG
GPR1_FUN34_YAAH;NP[AV]P[LF]GLx[GSA]F
XANTH_URACIL_PERMASE;[LIVM]Px[PASIF]V[LIVMG][GF][GA]x(4)[LIVM][FY][GSA]x[LIVM]x(3)[GA]
HTH_MARR_1;[STNAQ][LIAMV]x(0,1)[RNGSYKE]x(4,5)[LM][EIVLA]x(2)[GESD][LFYWHA][LIVC]x(7)[DNS][RKQG][RK]x(6)[TS]x(2)[GAS]
COPPER_FIST_1;M[LIVMFP][LIVMF](2)x(3)[KN][MY]ACx(2)C[IL][KR]xH[KR]x(3)CxHx(8,9)[KR]x[KRP]GRP
UREASE_1;T[AY][GA][GATR][LIVMF]DxH[LIVM]Hx(3)[PA]
CASPASE_HIS;Hx(2,4)[SC]x(2){A}x[LIVMF](2)[ST]HG
CASPASE_CYS;KPK[LIVMF][LIVMFY][LIVMF](2)[QP][AF]C[RQG][GE]
TNASE_1;DGDT[LIVM]x[LIVMC]x(9,10)R[LIVM]x(2)[LIVM]DxPE
ROK;[LIVM]x(2)G[LIVMFCT]Gx[GA][LIVMFA]x(3){V}x(4)Gx(3,5)[GATP]{G}xG[RKH]
EF_TS_1;LRx(2)[TS][GSDNQ]x[GSA][LIVMF]x(0,1)[DENKAC]xK[KRNEQS][AV]L
EF_TS_2;[ELAS][LIVMF][NVCKGST][SCVA][QE]TD[FS][VLA][SAT][KRNLAQS]
SHIKIMATE_KINASE;[KR]x(2)Ex(3)[LIVMF]x(8,12)[LIVMF](2)[SA]xG(3)x[LIVMFG]
PSI_RLU;[LIVCA][NHYTQ]R[LI][DG]x(2)[TV][STAC]G[LIVAGC][LIVMF](2)[LIVMFGCA][SGTACV]
SLC26A;[PAV]x[FYLCVI][GS]LY[STAG][STAGL]x(4)[LIVFYA][LIVMST][YI]x(3)[GA][GST][SRV][KRNP]
RRNA_A_DIMETH;[LIVMAC][LIVMFYWT][DE]xG[STAPVLCG]Gx[GAS]x[LIVMF][ST]x(2,3)[LIVMA]x(5,8)[LIVMYF]x[STAGVLC][LIVMFYHCS]ExD
ACTINS_ACT_LIKE;[LM][LIVMA]TE[GAPQ]x[LIVMFYWHQPK][NS][PSTAQ]x(2)N[KR]
UPF0017;Dx(8)[GN][LFY]x(4)[DET][LY]Yx(3)[ST]x(7)[IV]x(2)[PS]x[LIVM]x[LIVM]x(3)[DN]D
FTSZ_1;N[ST]Dx[QS]xLx(16,18)GxG[ATVS]G[GSAN]xPx(2)G
FTSZ_2;[DNHKR][LIVMF]x[LIVMF](2)[VSTAC][STAC]GxG[GKN]GTG[ST]G[GSARC][STA]P[LIVMFT][LIVMF][SGAV]
UPF0034;[LIVM][DNG][LIVMF]NxGC[PS]x(3,4)[LIVMASQ]x(5,6)G[SACY]
TATD_1;[LIVMFY](2)D[STA]HxH[LIVMFP][DN]
SCORP_SHORT_TOXIN;Cx(3)Cx(6,9)[GAS]KC[IMQT]x(3)CxC
BMC_1;Dx(0,1)MxK[SAG](2)x[IV]x[LIVM][LIVMA][GCSY]x(4)[GDE][SGPDR][GA]
GLYCOSYL_HYDROL_F45;[STA]TRY[FYW]Dx(5)[CA]
T2SP_C;Px(6)Fx(4)[LF]x(3)D[LIVM]A[LIVM]x[LIVM]Nx[LIVMQ]x[LF]
T2SP_N;GTLWxGx(11)Lx(4)W
RIBOSOMAL_L31;[DES][IVT]x(4)H[PT][FAVY][FYW][TISN]x(9,13)[GN][KRHNQ]
RIBOSOMAL_L31E;[VI][KRWVI][LIV][DSAG]x(2)[LIV][NS]x[AKQEHFYLCT]xWx[KRQE][GS]
RIBOSOMAL_L34E;[ST]xSx[KRQ]x(4)[KR][TL]P[GS][GN]
UPF0033;[LIV][DEN]x(2)[TAG]x(2)CPx[PT]x[LIVMF]x(11)[GN]
PSI_RSU;GRLDx(2)[STA]xG[LIVFA][LIVMF](3)[ST][DNST]
COMPLEX1_20K;[GN]x[DE][KRHST][LIVMFA][LIVMF]P[IV]D[LIVMFYWA][LIVMFYWK]xPxCP[PT]
FIMBRIAL_USHER;[VL][PASQ][PAS]G[PAD][FY]x[LI][DNQSTAP][DNH][LIVMFY]
HESB;[FQ]x[LIVMFY]x[NH][PGT][NSKQR]x(4)CxC[GSN]xSF
NOL1_NOP2_SUN;[FV][DQ][KRA][LIVMA]LxD[AV]PC[ST][GA]
RNA_POL_L_13KD;[LIVMFA]x(2)[EYD]x[HYN][ST][LIVMFY]x[NSTR]x[LIV]x(3)[LIVA]x(4,5)[VPG]x(4)[FY]x(3)[HPY][PEV]
ENDONUCLEASE_III_2;[GSTENA]x[LIVMF]Px(5)[LIVMW]x(2,3)[LI][PAS]G[IV][GA]x(3)[GAC]x(2,3)[LIVMA]x(1,2)[GSALVI][LIVMFYW][GANKD]
TONB_DEPENDENT_REC_2;[LYGSTANEQ]x(3)[GSTAENQ]x[PGE]Rx[LIVFYWA]x[LIVMFTA][STAGNQ][LIVMFYGTA]x[LIVMFYWGTADQ]xF>
ACID_PHOSPH_CL_A;GSYPSGHT
MIF;[DE]P[CLV][APT]x(3)[LIVM]xS[IS][GT]x[LIVM][GST]
WW_DOMAIN_1;Wx(9,11)[VFY][FYW]x(6,7)[GSTNE][GSTQCR][FYW]{R}{SA}P
KINESIN_LIGHT;[DEQR]ALx(3)[GEQ]x(3)Gx[DNS]xPxVAx(3)NxL[AS]x(5)[QR]x[KR][FY]x(2)[AV]x(4)[HKNQ]
GLC_GALNAC_ISOMERASE;[LIVM]x(3)[GNH]x(0,1)[LITCRV]x[LIVWF]x[LIVMF]x[GS][LIVM]Gx[DENV]G[HN]
QOR_ZETA_CRYSTAL;[GSDN][DEQHKM]x(2)Lx(3)[SAG](2)GGxGx(4)Qx(2)[KRS]
GAL_P_UDP_TRANSF_II;DLPI[VS]GG[ST][LIVM](2)[STAV]H[DEN]H[FY]Q[GAT]G
COPPER_AMINE_OXID_1;[LIVM][LIVMA][LIVMF]x(4)[ST]x(2)NY[DE][YN]
COPPER_AMINE_OXID_2;Tx[GS]x(2)H[LIVMF]x(3)E[DE]xP
RNA_POL_BETA;Gx[KN][LIVMFA][STAC][GSTNR]x[HSTA][GSAI][QNH]K[GL][IVTEC]
RIBOSOMAL_L17;[IL]x[STV][GT]x(2)[KR]x[KRAF]x(6)[DE]x[LIMV][LIVMT][TE]x[STAG][KR]
RIBOSOMAL_S27E;[QKRTE]Cx(2)Cx(6)F[GSDA]x[PSA]x(5)Cx(2)C[GSAQ]x(2)[LIV]x(2)[PS]xG
RIBOSOMAL_L21;[IVTL]x(3)[KR]x(3)[KRQ][KT]x(6)G[HFY][RK][RQT]x(2)[STL]
RIBOSOMAL_L6E;Nx(2)P[LI]RRx(4)[FY]VIATSx(1,2)K
RIBOSOMAL_L21E;[GN][DEQ]xVx(10,11)[GVT]x(2)[FYHDN]x(2)[FY]xGx[TV]G
RIBOSOMAL_L44E;Kx[TV]KKx(2)L[KR]x(2)C
LIPASE_GDXG_HIS;[LIVMF](2)x[LIVMF]HGG[SAG][FYW]x(3)[STDN]x(1,2)[STYA][HAGFT]
LIPASE_GDXG_SER;[LIVM]x[LIVMF][SA]GDS[CAS]G[GA]x[LI][CAVT]
RIBONUCLEASE_II;[HI][FYE][GSTAM][LIVM]x(4,5)Y[STALV]x[FWVAC][TV][SA]P[LIVMA][RQ][KR][FY]xDx(3)[HQ]
IF2;[GLES]x[LIVM]x(2)L[KR][KRHNS]xKx(5)[LIVM]x(2)[GNKADS]x[DEN][CRG][GI]
ANAPHYLATOXIN_1;[CSH]Cx(2)[GAP]x(7,8)[GASTDEQR]C[GASTDEQL]x(3,9)[GASTDEQN]x(2)[CE]x(6,7)CC
RIBOSOMAL_S21;[DE]xA[LIY][KR][RA][FL]K[KR]x(3)[KR]
GLYCOSYL_HYDROL_F35;GGP[LIVM](2)x(2)QxENE[FY]
UBIE_1;Y[DN]x[MLAFTI]Nx(2)[LIVMN]Sx(3)[HQD]x(2)W
UBIE_2;RV[LIVMCT][KRQ][PVRK][GMKD][GAS]x[LIVMFAT]x(2)[LIVMCA][ED]x[SGT]
CTCK_1;CCx(13)Cx(2)[GN]x(12)CxCx(2,4)C
EGF_2;CxCx(2)[GP][FYW]x(4,8)C
EGF_CA;[DEQN]x[DEQN](2)Cx(3,14)Cx(3,7)Cx[DN]x(4)[FY]xC
ELO;[LIV]xF[LIV]H[VYWT][FY]HH
RIBOSOMAL_S12E;[SA][LI][KREQP]x(2)[LIVM]x(2)[SA]x(3)[DNG]G[LIV]x(2)G[LIV]
RIBOSOMAL_L36E;PYE[KR]Rx[LIVMT][DE][LIVM](2)[KR]
RIBOSOMAL_S3AE;[LIV]x[GHN]R[IVNT]xEx[SCT][LV]x[DE][LVI]
HMG_COA_REDUCTASE_3;A[LIVM]x[STAN]x(2)[LI]x[KRNQ][GSA]H[LM]x[FYLH]
RIBOSOMAL_S8E;[KR]x(2)[ST]G[GAR]x(5,6)[KRHSA]x[KRT]x[KR]x[EA][LIMPA]G
RIBOSOMAL_L15E;[DENT][KR][AL]Rx[LIQ]G[FY]x[SAP]x(2)G[LIVMFY][LIVMFYKS][LIVMFY][LIVMFYA]Rx[RNAS][IVL]x[KRC]G
PEPT_TRNA_HYDROL_1;[FYH]x(2)[TN][RK]HNxGx(2)[LIVMFAYCT][LIVMFA][DEN]
PEPT_TRNA_HYDROL_2;[GS]x(3)HNG[LIVM][KR][DNS][LIVMTC]
RIBOSOMAL_L1;[IMGV]x(2)[LIVA]x(2,3)[LIVMY][GAS]x(2)[LMSF][GSNH][PTKR][KRAVG][GN]x[LIMF]P[DENSTKQPRAGVI]
TUB_1;F[KRHQ]GRV[ST]xASVKNFQ
TUB_2;AF[AG]I[GSAC][LIVM][ST]SFx[GST]KxACE
MAP_2;[DA][LIVMY]xK[LIVM]DxGx[HQ][LIVMS][DNS]Gx(3)[DN]
BTG_2;[LV]Px[DE][LM][ST][LIVM]W[IV]DPxEV[SC]x[RQ]xG[EK]
REL_1;FRYxCEG
T4_DEIODINASE;RPL[IV]x[NS]FGS[CA][TS][CU]PxF
ASC;Yx(2)[EQTFPMSI]xCx(3)Cx[QTAVKS]x(2)[LIVMT][LIVMSAQ]x(2)CxC
GLYPICAN;Cx(2)Cx[GS][LIVM]x(4)PCx(2)[FY]Cx(2)[LIVM]x(2)GC
VWFC_1;Cx(2,3)C{CG}Cx(6,14)Cx(3,4)Cx(2,10)Cx(9,16)CCx(2,4)C
LDLRA_1;C[VILMA]x(5,6)C[DNH]x(3)[DENQHT]Cx(3,4)[STADEW][DEH][DE]x(1,5)C
CAVEOLIN;FED[LV]IA[DE][PA]
UPF0001;[FW]H[FM][IV]Gx[LIV]Qx[NKRQ][KN]x(3)[LIV]
P2X_RECEPTOR;GGx[LIVM]G[LIVM]x[IV]xWxC[DN]LDx(5)CxPxYxF
GLOBIN_FAM_2;F[LF]x(4)[GE]G[PAT]x(2)[YW]x[GSE][KRQAE]x(1,5)[LIVM]x(3)H
UPF0016;E[LIVM]GDKTF[LIVMF](2)A
MRP;Wx(2)[LIVM]D[VFY][LIVM](3)DxPPGT[GS]D
SUCCINYL_COA_LIG_1;S[KR]SG[GT][LIVM][GST]x[EQ]x(8,10)Gx(4)[LIVM][GA][LIVM]GGD
SUCCINYL_COA_LIG_3;Gx[IVT]x(2)[LIVMF]x[NAK][GS][GA]G[LMAI][STAV]x(4)[DN]x[LIVM]x(3,4)[GD][GREAK]
TATC;Yx(2)[FL][LIVMAFNT][LIVMAFT]x[LVSI]x(4)[GASF]x(2)F[EQ][LIVMFC]P[LIVM]
AMMONIUM_TRANSP;D[FYWS][AS]G[GSC]x(2)[IV]x(3)[SAG](2)x(2)[SAG][LIVMF]x(3)[LIVMFYWA](2)x[GK]xR
PBP;[FYL]x[LVM][LIVF]x[TIVM][DC]PDxP[SNG]x(10)H
PMP22_1;[LIVMF][LIVMFC][LIVMF](2)[SA][TL]x(2)[DNKS]xWx(9,13)[LIV]Wx(2)[CG]
PMP22_2;[RQ][AVS]x[MC][IV]L[SA]x[LI]x(4)[GSA][LIVMF][LIVMFS][LIVMF]
PROA;[VA]x(5)A[LIVAMTCK]x[HWFY][IM]x(2)[HYWNRFT][GSNT][STAG]x(0,1)H[ST][DE]x(1,2)I
ARGC;[LIVMA][GSA]x[PA]GC[FYN][AVPST]T[GSACVT]x(3)[GTACLPS][LIVMCAF]x[PL]
HMG_COA_SYNTHASE;Nx[DN][IV]EG[IV]Dx(2)NAC[FY]xG
UPF0012;[GTAL]x(2)[IVT]CYD[LIVM]xFPx(9)[GD]
COF_1;[LIVFYAN][LIVMFA]x(2)D[LIVMF][ND]GT[LIV][LVY][STANLM]
COF_2;[LIVMFC]GD[GSANQ]xNDx(3)[LIMFY]x(2)[AV]x(2)[GSCP]x(2)[LMP]x(2)[GAS]
TRMA_1;[DN]P[PAS]RxGx(14,19)[LIVMAF][LIVMCAFT][YAHG]x[SAG]C[NAMDSYHKGQ]x(1,2)[TNKSI]
TRMA_2;[LIVMF][DN]xFP[QHYWM][ST]x[HR][LIVMFYT]E
PNP_UDP_1;[GST]xG[LIVM]Gx[PA]Sx[GSTAL][IL]x(3)EL
UROCANASE;RDHxDx[GS][GS]x(2)SPxRET
GATB;[LMFYCVI][DN]Rx(3)[PGA]L[LIVMCA]E[LIVMT]x[STL]x[PA]
PDXS_SNZ_1;[LV]P[VI][VTPI][NQLHT][FL][ATVS][AS]GG[LIV][AT]TP[AQS]D[AGVS][AS][LM]
PDXT_SNO_1;[GARVS][LVI][ILAV][LIVF]PGGES[TS][STAV]
UPF0028;[GA][GS]G[GA]ARGx[SA]HxGx(9)[IVY]x[IV][DV]x(2)[GA]GxSxG
GDA1_CD39_NTPASE;[LIVM]xGx(2)EGx[FYLS]x[FW][LIVA][TAG]xN[HYF]
DYNEIN_LIGHT_1;Hx[IV]xG[KR]xF[GA]SxV[ST][HY]E
PNP_MTAP_2;[LIVF]x(3)[GS]x(2)Hx[LIVMFY]x(4)[LIVMF]x(3)[ATV]x(1,2)[LIVM]x[ATV]x(4)[GN]x(3,4)[LIVMF](2)x(2)[STN][SAGT]xG[GS][LIVM]
LINK_1;Cx(15)Ax(3,4)[GK]x(3)Cx(2)Gx(8,9)Px(7)C
ZF_FPG_1;Cx(1,4)C[GSANHK]x(1,2)[IVML]x(7,11)R[GSANPVLMT]x(2)[FYWIL]Cx(2)CQ
BI1;Gx(2)[LIVM][GC]Px[LI]x(4)[SAGDT]x(4,6)[LIVM](2)x(2)Ax(2)[MG]Tx[LIVM]xF
ACONITASE_2;Gx(2)[LIVWPQT]x(3)[GACST]C[GSTAM][LIMPTA]C[LIMV][GA]
RIO1;[LIVMY][VI]H[GA]D[LF][SN]E[FY]Nx[LIVM]
UPF0003;G[STIF]Vx(2)[LIVM]x(6)[LIVMF]x(3)[DQT]x(3)[LIVH]x[LIV]P[NW]x(2)[LIVMF][LIVFSTA]x(5)[NV]
IUNH;DxD[PT][GA]xDD[TAV][VI]A
EGF_LAM_1;Cx(1,2)Cx(5)Gx(2)Cx(2)Cx(3,4)[FYW]x(3,15)C
HYPA;[GS]x(4)[LIVMT]x(4)[LIVMF]x(2)[CSAM][LMFY]x(6)[STC]x(4,5)[PAC]x[LIVMF]x[LIVMF]x(8)Cx(1,2)[CH]
CHH_MIH_GIH;[LIVM]x(3)C[KR]x[DENGRH]C[FY]x[STN]x(2)Fx(2)C
PCNA_1;[GSTA][LIVMF]x[LIVMAS]x[GSAVI][LIVM][DS]x[NSAED][HKRNS][VIT]x[LMYF][VIGAL]x[LIVMF]x[LIVM]x(4)F
OPIOIDS_PRECURSOR;Cx(3)Cx(2)Cx(2)[KRH]x(6,7)[LIF][DNS]x(3)Cx[LIVM][EQ]C[EQ]x(8)Wx(2)C
FN1_1;Cx(6,8)[LFY]x(5)[FYW]x[RK]x(8,10)CxCx(6,9)C
FETUIN_1;C[DN][DE]x(54)CHx(9)Cx(12,14)Cx(17,19)Cx(13)Cx(2)C
FETUIN_2;[ND]xLETxCHxL
CULLIN_1;[LIV][KL]x(2)[LIVM]x(2)L[IL][DEQGVT][KRHNQ]x[YT][LIVM]xRx(5,7)[FYLV]xYx[SAT]
RIBOSOMAL_L10E;ADRx(3)[GR][MH]Rx[SAP][FYW]G[KRVTS][PANI]x[GS]x(1,2)A[KRLV][LIVQ]
BH2;W[LIM]x(3)[GR]G[WQ][DENSAV]x[FLGA][LIVFTC]
BH3;[LIVAT]x(3)L[KARQ]x[IVAL]GD[DESG][LIMFV][DENSHQ][LVSHRQ][NSR]
BH4_1;[DS][NT]R[AE][LI]Vx[KD][FY][LIV][GHS]YKL[SR]Q[RK]G[HY]x[CW]
UPF0020;DP[LIVMF]CG[ST]Gx(3)[LI]E
IF1A;[IMVALH]xGx[GSDENK][KRHFW]x(4)[CL]xDGx(2)[RY]x(2)[RH][IL]xG
UPF0021;CKx(2)Fx(4)Ex(22,23)SGGKD
TBOX_2;[LIVMFYWE]H[PADHL][DENQRS][GSE]x(3)Gx(2)[WL][ML]x(3)[IVA]xF
TPX;SxDLPF[AS]x(2)[KRQ][FWI]C
ADENYLOSUCCIN_SYN_1;[QGF][WLCF]GDE[GA]K[GA]
UPF0023;[DEN]x(2)[LIVF][DE](2)[LIV]Lx(4)[IV][FY]x(4)KG
UPF0024;GxKD[KRAT]x[AG][LVRSIT][TKS]xQx[LIVF][SGCYAT]
UPF0025;DV[LIV]x(2)GH[ST]Hx(12)[LIVMF]NPG
BAND_7;Rx(2)[LIV][SAN]x(6)[LIV]Dx(2)Tx(2)WG[LIVT][KRH][LIV]x[KRA][LIV]E[LIV][KRQ]
NA_SULFATE;[STACPI]Sx(2)[FY]x(2)P[LIVM][GSA]x(3)Nx[LIVM]V
GCKR;G[PA]Ex[LIV][STAM]GS[ST]R[LIVM]K[STGA](3)x(2)K
COA_TRANSF_1;[DN][GN]x(2)[LIVMFA](3)GGFx(3)GxP
COA_TRANSF_2;[LF][HQ]SENG[LIVF](2)[GA]
EFP;Kx[AV]x(4)Gx(2)[LIVT]xVPx(2)[LIVC]x(2)[GD]
PEPTIDASE_U32;ExFx(2)G[SA][LIVM]Cx(4)GxCx[LIVM]S
RIBONUCLEASE_PH;[CA][DE][LIVM](2)[NQV][GTA]D[GA][SG]x(2,3)[TAVLC][AT]
MTTASE_RADICAL;[LIVM]x[LIVMT]x(2)GCx(3)C[STAN][FY]Cx[LIVMT]x(4)G
PCMT;[GSAED][DN]Gx(2)G[FYWLV]x(3)[GSA][PTL][FY][DNSHE]xI
GIDA_1;[GSA][PTAV]x[YH]CPS[LIVMF][ED]xK[LIVMFA]x[KRNT][FY]
GIDA_2;[AC]G[QNV]x[NTAI]Gx(2)GYx[EA][SAG](2)[SAGC][QSAGMVIT]G[LIVMWF][LIVMAF][AST][GA][LIVMTAR][NYAMF][ALVST]
BIR_REPEAT_1;[HKEPILVY]x(2)Rx(3,7)[FYW]x(11,14)[STAN]G[LMF]x[FYHDA]x(4)[DESL]x(2,3)Cx(2)Cx(6)[WA]x(9)Hx(4)[PRSD]xCx(2)[LIVMA]
TBOX_1;[LQI]Wx(2)[FCL]x(3,4)[NT]E[MQ][LIVNM][LIV][TLF]x(2)[GR][RG][KRQM]
TNASE_2;[DT][KRP][YQ][GQ]Rx[LVY][GA]x[IV][FYW]
FA58C_1;[GASP]Wx(7,15)[FYW][LIV]x[LIVFA][GSTDEN]x(6)[LIVF]x(2)[IV]x[LIVT][QKMT]G
FA58C_2;Px(8,10)[LM]Rx[GE][LIVP]xGC
RTC;[RH]Gx(2)PxG(3)x[LIV]
UPF0027;Q[LIVM]xNxAx[LIVM]PxIx(6)[LIVM]PDxHxGxGx(2)[IV]G
TSC22;MDLVKxHLx(2)AVREEVE
ER;YDI[SA]xL[FY]xF[IV]Dx(3)D[LIV]S
ART;[FY]x[FY]Kx(2)H[FY]xL[STI]xA
UPF0036;HxSGH[GA]x(3)[DE]x(3)[LM]x(5)Px(3)[LIVM]PxHG[DE]
NUDIX_COA;[LM][LF]TxR[SA]x(3)[RK]x(3)Gx(3)FPGG
ISPD;[IVT][LIVMC][IVT][HS]D[SGAV][AV]R
RSMI;S[DN][AS]GxPx[LIV][SNC]DPG
FLAP_GST2_LTC4S;Gx(3)FERV[FY]xA[NQ]xNC
DAPB;[ERND][IVL]x[ED]xHx(3)Kx[DE]x(2)S[GA][TAS][ALCGS]
EPHRIN_RBD_1;[KRQ][LF][CST]xK[IF]Qx[FY][ST][PA]x(3)GxEFx(5)[FY](2)x(2)[SA]
RECR;Cx(2)Cx(3,5)[STACD]x(4)Cx[LIVFQ]Cx(4)[RD][NQDS]
UPF0758;HNHP[SQ]G
BCCT;[GSDNA]WT[LIVM]x[FY]WxWW
UBIH;HP[LIV][AG]GQGxNxGx(2)D
MOAA_NIFB_PQQE;[LIV]x(3)C[NDP][LIVMF][DNQRS]Cx[FYM]C
UPF0054;H[GSA]x[LVCYT]H[LAI][LIMSANQVF]G[FYWMH]x[HD]
MOTA;A[LMF]x[GAT]T[LIVMF]xGx[LIVMF]x(7)P
UPF0057;[LIVF]x[STAC][LIVF](3)P[PF][LIVA][GAV][IV]x(4)[GKN]
FXYD;[DNSE]xFxY[DN]x(2)[STNR][LIVM][RQ]x(2)G
LGT;[GI]Rx[GA]N[FWY][LIVMFA][NG]xEx(2)G
SECA;[IV]x[IV][SA]T[NQ]MAGRGxDIxL
LIPB;RGGx(2)T[FYWCAH]Hx(2)[GHS]Qx[LIVMT]xY
UPF0047;Sx(2)[LIV]x[LIV]x(2)Gx(4)GTWQx[LIV]
CDS;Sx[LIVMF]KRx(4)KDx[GSA]x(2)[LIF][PGS]xHGG[LIVMF]xDR[LIVMFT]D
ATP_P_PHORIBOSYLTR;Ex(5)[GND]x[SAG]x(2)[IV]x[DE][LIV]x(2)[ST]GxT[LMI]
SSRP;[STAC]G[LIVM]xLxGxE[LIVM][KQ][SA][LIVMA]
TSAA_1;G[AV]F[STA]xR[SA]x(2)RPN
RBFA;[LIVMF][QKRHSA]{E}x[LIVMAC]x(5,6)[LIVMW][RKAYF]x[STACIVMF][PV]{LG}[LIVMF]x[FYI]x(2)D
UPF0067;DVx(5)HI[SA]CDx(4)SE
RUVC;Gx[GA]x[AG]xKx[EQA][IVM]x(16,19)Dx[SAVT]D[AG]x[AGS][LIVMCA][ACS]
PHOSPHOTRIESTERASE_1;GxTLxHEH[LIV]
GLYCOSYL_HYDROL_F4;[PS]x[SAC]x[LIVMFY](2)[QN]x(2)NPx(4)[TA]x(9,11)[KRD]x[LIV][GN]xC
LYS_HYDROXYLASE;PHHD[SA]STF
DAP_EPIMERASE;Nx[DN][GS][SENGFT]x(4)C[GI]N[GA]xR
MSCL;[KR]GN[LIVM](2)D[LIVM]A[LIVM][GA][LIVM](3)G
4HBCOA_THIOESTERASE;[QR][IV]x(4)[TC]Dx(2)G[IV]Vx[HF]x(2)[FY]
COX6A;[LIV]RxKx[FYW]xW[GS]DGx[KH][ST]xFxN
PABS_1;[VAI][LAV][LIV](2)GGGx[GC]x(2)[LIVA]xE
THYMIDYLATE_KINASE;[LIV][LIVMGSTC][DET][RH][FYHCS]x(2)S[GSTNP]x[AVC][FY][STANQ]
HTH_RRF2_1;Lx(3)[GRS][LIVY]x(2)[STA]x(2)Gx(2)GG[FYIV]x[LIF]
PYRASE_GLU;Gx(2)[GAP]x(4)[LIV][ST]xE[KR][LIVC][AG]x[NG]
PYRASE_CYS;[LIVF]x[GSAVC]x[LIVM]Sx[STAD]AGx[FY][LIVN]C[DNS]
METHYLGLYOXAL_SYNTH;[SP]GP[LIVMWY]GGDx(0,1)Q
ADOMETDC;[SA][FY][LIV]L[STN]ESS[LIVMF]F[LIV]
ODC_AZ;[LT]LE[FY][AVC][DE][DE][KNQHT][LMT]
SURF4;[KR]Y[DE]F[FY]Qx(2)Sx[LIVM]GGLL
CORNICHON;[VI]x(3)[DE]Lx(2)D[FY]x[NS][PS]I[DE]
FRATAXIN_1;[IV][LIVF][NS][KRTAVSL][QH]x[PAVS]x(2)[EQ][LIVM]Wx[STA][STAD]
COE;CSRCC[DE][KR]KSC
CLAUDIN;[GN]LWx(2)Cx(7,9)[STDENQH]C
MRAY_1;[KRA]x(2)[TIVK]P[ST][MGA][GA]G[LIVSA]x[LIVMF](2)
MRAY_2;[NHS]x(2)[NK]x[TINAS][DN]G[ILVM]DG[LM]
NODA;[RHQ][ST]W[GSA]GARPE
ISPF;S[DN][GA]D[LIVAP][LIVAG]xH[STAC]x(2)[DNT][SAG]x(2)[SGA]
MAPK;Fx(10)REx(72,86)RDxKx(9)[CS]
HEMATOPO_REC_L_F1;[LIV]x[LIV]xWx(12,16)Y[EQ][LIV]x(25,27)Lx(10)[RKH]x[RKH]x(5,9)[FYW]x(2)[FYW]x(5)[LIV]
HEMATOPO_REC_L_F2;Nx(4)Sx(28,35)[LVIM]xWx(0,3)Px(5,9)[YF]x(1,2)[VILM]xW
HEMATOPO_REC_L_F3;[LIV]xPDP(2)x(2)[LIV]x(8,11)[LVAM]x(3)Wx(2)Px[ST]Wx(4,6)[FY]xLx[FY]x[LVI]
HEMATOPO_REC_S_F1;[LIVF]x(9)[LIV][RK]x(9,20)WSxWSx(4)[FYW]
HEMATOPO_REC_S_F2;[LIVM]xCxWx(2)Gx(5)Dx(2)Yx[LIVM]x(10,14)C
ZF_ZZ_1;Cx(2)Cx(4,8)[RHDGSCV][YWFMVIL]x[CS]x(2,5)[CHEQ]x[DNSAGE][YFVLI]x[LIVFM]Cx(2)C
ZF_RANBP2_1;WxCx(2,4)Cx(3)Nx(6)Cx(2)C
ZF_PHD_1;Cx(1,2)Cx(5,45)[VMFLWIE]xCx(1,4)Cx(1,4)[WYFVQHLT]Hx(2)Cx(5,45)[WFLYI]xCx(2)C
ZF_MYND_1;[CH]x(2,4)Cx(7,17)Cx(0,2)Cx(4)[YFT]Cx(3)[CH]x(6,9)Hx(3,4)C
ZF_DOF_1;Cx(2)Cx(7)[CS]x(13)Cx(2)CxRxWTxGG
DM_1;Cx(2)Cx(2)Hx(8)Hx(3,4)Cx(4)CxCx(2,3)C
CHITOSANASE_46_80;E[DNQ]x(8,17)Yx(7)Dx[RD][GP]x[TS]x(3)[AIVFLY]Gx(5,11)D
NOS;[GR]C[IV]GR[ILS]xW
PHOSPHOKETOLASE_1;EGGELGY
PHOSPHOKETOLASE_2;Gx(3)[DN]xPx(2)[LIVFT]x(3)[LIVM]xGDGE
OMEGA_CONOTOXIN;C[SREYKLIMQVN]x(2)[DGWET]x[FYSPKV]C[GNDSRHTP]x(1,5)[NPGSMTAHF][GWPNIYRSKLQ]xCC[STRHGD]x(0,2)[NFLWSRYIT]Cx(0,3)[VFGAITSNRKL][FLIKRNGH][VWIARKF]C
DELTA_CONOTOXIN;Cx(2)[EPSAGT]x(3)C[GSNDL]x(0,3)[PILV]x[FPNDSG][GQ]xCCx(3,4)C[FLVIA]x(1,2)[FVIWA]C
TYR_PHOSPHO_SITE_2;[RK]x(3)[DE]x(2)Y
CYCLOTIDE_BRACELET;Cx(0,1)[ES]SC[AV][MFYW]I[PS]x(0,1)C
CYCLOTIDE_MOEBIUS;C[GA]E[ST]C[FTV][GLTI]G[TSK]C
ASSASSIN_BUG_TOXIN;C[LI]x(2)G[SA]xCxGx(2)KxCCx(4,5)Cx(2)YAN[RK]C
PLANT_C6_AMP;C[IV]x(2,4)[RG]Cx(2,6)[GP]xCCSx(2,4)Cx{C}x(4,8)C
MU_CONOTOXIN;CC[TGN][PFG][PRG]x(0,2)C[KRS][DS][RK][RQW]C[KR][PD][MLQH]X(0,1)[KR]CC
ALPHA_CONOTOXIN;CC[SHYN]x(0,1)[PRG][RPATV]C[ARMFTNHG]x(0,4)[QWHDGENLFYVP][RIVYLGSDW]C
MU_AGATOXIN;C[LAV]x[DEK]x(3)Cx(6,7)CCx(4)CxCx(5)CxC
OMEGA_ACTX_1;C[IT]PSGQPC
OMEGA_ACTX_2;CC[GE][ML]TPxC
DELTA_ACTX;Cx(5)WCx(4)DCCCx(3)Cx(2)AWYx(5)Cx(10,11)C
I_CONOTOXIN;C{C}(6)C{C}(5)CCx(1,3)CCx(2,4)Cx(3,10)C
J_ACTX;C{C}(6)Cx(2)CCxCCx(4)Cx(9,10)C
HWTX_1;C[KALRVG]x{M}x(1,3)Cx(4,6)CCx(4,6)Cx(4)[ERK]WC
HWTX_2;Cx(1,4)[FLIV][SEP]C[DE][EIQ]x(4,7)Cx(0,7)C[KST]x(4,18)C[YK]x(1,3)C
OMEGA_AGA_II_III;CQCCx(2)N[GA][FY]CS
AGOUTI_1;Cx(6)Cx(6)CCx(2)Cx(2)CxCx(6)CxCx(6,9)C
CONANTOKIN;GEEEx(2)[KE]{E}(2)x(0,1)Ex[ILA]RE
ERGTX;Cx(5)CxKx(6)Cx(2)CCx(9)Cx(4)CxC
CONTRYPHAN;C[PV][WL]xP[YW]Cx(0,1)>
SCORPION_CALCINE;Cx(6)Cx(5)CCx(3)Cx(9)RC
SPIDER_CSTX;C{C}(6)C{C}(6)CC{C}(8)C{C}C
BACTERIOCIN_IIA;YGNG[VL]xCx(4)C
GARP2;CDVQTR[VAE][MVT][GA]AG[GS]L
GH9_1;[LVS]x[GK]G[WFYLM][YHF]D[ACGS]G[DSN]x(2)[KMR][FAILY]x[FWYLQTV][APTNS][MLGAQS]